order_id,date,time,order_type,branch_code,order_items,order_price,customer_lat,customer_lon,customerHasloyalty?,distance_to_customer_KM,delivery_fee
ORDA09604,2018-06-15,13:24:30,Lunch,BK,"[('Fries', 6), ('Burger', 6), ('Chicken', 9), ('Steak', 5), ('Salad', 10)]",943.0,-37.8018052,144.9571189,0,8.207,14.1430936
ORDI01219,2018-01-03,08:00:00,Breakfast,NS,"[('Pancake', 6), ('Coffee', 3), ('Cereal', 6), ('Eggs', 5)]",404.0,-37.8137302,144.9409476,1,9.632,7.4953104
ORDC00455,2018-02-19,09:31:16,Breakfast,NS,"[('Coffee', 2), ('Pancake', 10), ('Eggs', 9)]",455.5,-37.8050314,144.9279056,0,10.574,15.7229363
ORDB02860,2018-10-08,17:17:44,Dinner,TP,"[('Shrimp', 9), ('Pasta', 9), ('Fish&Chips', 6)]",943.5,-37.817582,144.9590952,0,7.947,12.067798
ORDA11021,2018-10-08,17:17:44,Dinner,BK,"[('Fish&Chips', 6), ('Shrimp', 8), ('Pasta', 9), ('Salmon', 7)]",1176.5,-37.8116841,144.956303,0,8.099,15.1451593
ORDJ04387,2018-07-25,14:45:38,Lunch,TP,"[('Fries', 6), ('Chicken', 2), ('Steak', 7), ('Salad', 4), ('Burger', 9)]",798.8,-37.8241121,144.9771169,0,8.256,11.4898019
ORDJ01195,2018-04-14,11:22:49,Breakfast,TP,"[('Pancake', 6), ('Coffee', 7), ('Cereal', 2)]",240.0,-37.8179027,144.993605,0,10.015,14.6888614
ORDC07716,2018-09-03,16:06:45,Dinner,NS,"[('Pasta', 4), ('Fish&Chips', 7)]",355.0,-37.807837,144.9494312,0,8.638,14.167821
ORDK00727,2018-05-18,12:33:48,Lunch,BK,"[('Salad', 9), ('Chicken', 8), ('Burger', 5), ('Fries', 9)]",673.8,-37.8125792,144.9690115,0,7.183,13.1654832
ORDJ10699,2018-07-29,14:55:46,Lunch,TP,"[('Steak', 2), ('Salad', 1), ('Chicken', 3)]",203.2,-37.817823,144.9462511,0,9.299,14.0676124
ORDB04628,2018-03-20,10:32:06,Breakfast,TP,"[('Eggs', 4), ('Coffee', 7)]",140.5,-37.8003819,144.9608832,0,9.674,12.4844324
ORDJ09176,2018-04-03,11:02:32,Breakfast,TP,"[('Eggs', 7), ('Pancake', 3)]",226.75,-37.8101959,144.9822571,0,9.508,12.2178216
ORDZ01075,2018-07-20,14:35:29,Lunch,NS,"[('Steak', 4), ('Salad', 2), ('Fries', 1), ('Chicken', 3), ('Burger', 1)]",353.4,-37.8161096,144.9527874,0,8.849,14.5977153
ORDA02061,2018-07-31,14:55:46,Lunch,BK,"[('Steak', 2), ('Chicken', 3), ('Fries', 1), ('Salad', 8), ('Burger', 2)]",397.6,-37.8009468,144.9685286,0,7.609,13.9481543
ORDB02495,2018-10-27,17:58:18,Dinner,TP,"[('Pasta', 10), ('Salmon', 9), ('Fish&Chips', 7), ('Shrimp', 1)]",943.0,-37.8209865,144.9660368,0,7.411,13.4749276
ORDK00872,2018-08-27,15:56:37,Lunch,BK,"[('Burger', 4), ('Salad', 7)]",244.4,-37.8172872,144.9533263,0,8.676,14.7131203
ORDY03686,2018-03-22,10:32:06,Breakfast,TP,"[('Coffee', 2), ('Cereal', 6), ('Pancake', 9), ('Eggs', 7)]",513.25,-37.8179449,144.9621622,0,7.861,10.8549395
ORDZ05838,2018-02-01,09:00:50,Breakfast,NS,"[('Eggs', 2), ('Coffee', 4), ('Cereal', 2), ('Pancake', 10)]",358.5,-37.8203616,144.979064,0,8.707,13.95993
ORDA05900,2018-08-02,15:05:54,Lunch,BK,"[('Burger', 1), ('Salad', 8), ('Chicken', 2), ('Fries', 6)]",304.6,-37.8085482,144.9556474,0,8.175,14.335423
ORDY00755,2018-08-10,15:16:03,Lunch,TP,"[('Salad', 10), ('Steak', 9), ('Fries', 10), ('Burger', 5), ('Chicken', 7)]",1076.0,-37.7991307,144.9634187,0,9.926,13.4156319
ORDK09137,2018-09-30,16:57:27,Dinner,BK,"[('Pasta', 7), ('Salmon', 2)]",274.5,-37.8244377,144.9904315,0,6.662,15.9192767
ORDX04004,2018-06-18,13:34:38,Lunch,BK,"[('Fries', 5), ('Burger', 7), ('Chicken', 10), ('Steak', 2), ('Salad', 6)]",790.2,-37.8035714,144.9264273,0,10.867,17.4310829
ORDC03891,2018-09-09,16:16:54,Dinner,NS,"[('Shrimp', 3), ('Pasta', 7), ('Fish&Chips', 4), ('Salmon', 6)]",740.5,-37.8068106,144.9833998,0,7.725,15.3797536
ORDB08473,2018-09-06,16:16:54,Dinner,TP,"[('Shrimp', 3), ('Pasta', 6), ('Salmon', 8)]",655.0,-37.8159687,144.9339652,0,10.735,14.3476801
ORDX09179,2018-09-09,16:16:54,Dinner,BK,"[('Salmon', 7), ('Shrimp', 9), ('Fish&Chips', 5)]",948.0,-37.8153503,144.9708117,0,7.094,16.5117918
ORDB08912,2018-04-20,11:32:57,Breakfast,TP,"[('Eggs', 3), ('Cereal', 5)]",171.0,-37.8139659,144.9487495,0,9.525,12.1241741
ORDX07704,2018-03-25,10:42:15,Breakfast,BK,"[('Eggs', 5), ('Coffee', 5), ('Cereal', 4), ('Pancake', 8)]",425.5,-37.8123041,144.9736425,0,6.784,14.6992108
ORDK07826,2018-10-18,17:38:01,Dinner,BK,"[('Fish&Chips', 2), ('Pasta', 7), ('Shrimp', 9), ('Salmon', 6)]",994.5,-37.801818,144.951282,0,8.753,15.6769345
ORDB00752,2018-07-17,14:25:21,Lunch,TP,"[('Burger', 8), ('Chicken', 4), ('Steak', 3)]",511.0,-37.8197772,144.9437517,0,9.412,12.3672019
ORDZ08831,2018-02-11,09:21:07,Breakfast,NS,"[('Pancake', 5), ('Coffee', 4), ('Eggs', 6)]",283.25,-37.8091777,144.9690738,0,7.078,14.6634154
ORDB00662,2018-12-03,19:09:17,Dinner,TP,"[('Salmon', 1), ('Shrimp', 6), ('Pasta', 6)]",530.0,-37.8173683,144.9596829,0,8.0,12.4639143
ORDK08818,2018-07-14,14:25:21,Lunch,BK,"[('Burger', 7), ('Salad', 4), ('Chicken', 4), ('Steak', 7)]",728.8,-37.8176326,145.0054969,0,4.259,12.6040652
ORDI08869,2018-01-30,08:50:42,Breakfast,NS,"[('Coffee', 6), ('Eggs', 3), ('Pancake', 9), ('Cereal', 2)]",371.25,-37.8061892,144.9294666,0,10.562,15.62957
ORDB00097,2018-03-05,10:01:41,Breakfast,TP,"[('Coffee', 3), ('Pancake', 6)]",168.0,-37.8100727,144.9762159,0,9.256,11.7900646
ORDX04373,2018-10-24,17:48:10,Dinner,BK,"[('Pasta', 6), ('Shrimp', 4), ('Fish&Chips', 10), ('Salmon', 8)]",1059.0,-37.8204595,144.9663365,0,7.948,14.9413201
ORDZ07024,2018-10-12,17:27:53,Dinner,NS,"[('Shrimp', 4), ('Pasta', 10), ('Salmon', 5)]",696.0,-37.8159539,144.9865358,0,8.919,14.7823546
ORDY05519,2018-07-30,14:55:46,Lunch,TP,"[('Chicken', 3), ('Steak', 1), ('Salad', 10)]",313.0,-37.8010284,144.97023,0,9.923,13.6690675
ORDX08954,2018-12-31,20:00:00,Dinner,BK,"[('Salmon', 10), ('Fish&Chips', 9)]",725.0,-37.8210293,144.9696248,0,7.816,14.9525031
ORDC10167,2018-02-22,09:41:24,Breakfast,NS,"[('Pancake', 1), ('Coffee', 9)]",91.75,-37.8155917,145.0059186,0,10.472,15.3582464
ORDC06733,2018-10-17,17:38:01,Dinner,NS,"[('Salmon', 8), ('Pasta', 1), ('Shrimp', 10), ('Fish&Chips', 7)]",1140.5,-37.8021541,144.9502718,0,8.116,14.1137503
ORDI08537,2018-01-07,08:10:08,Breakfast,NS,"[('Eggs', 1), ('Cereal', 7), ('Coffee', 1)]",176.5,-37.8236861,144.982575,1,9.251,8.7061957
ORDY02997,2018-10-01,16:57:27,Dinner,TP,"[('Pasta', 4), ('Fish&Chips', 2), ('Salmon', 4), ('Shrimp', 4)]",560.0,-37.8014407,144.9851048,0,10.764,14.8342772
ORDX04310,2018-10-23,17:48:10,Dinner,BK,"[('Fish&Chips', 4), ('Salmon', 9), ('Shrimp', 3), ('Pasta', 2)]",726.0,-37.8196941,144.9708975,0,7.892,14.4835006
ORDZ03706,2018-03-25,10:42:15,Breakfast,NS,"[('Cereal', 1), ('Coffee', 1), ('Pancake', 3)]",101.25,-37.8045967,144.9196376,0,11.465,18.6877518
ORDZ04415,2018-07-23,14:45:38,Lunch,NS,"[('Salad', 6), ('Steak', 2), ('Burger', 3), ('Chicken', 5), ('Fries', 9)]",554.2,-37.811785,144.9887435,0,8.689,13.9945837
ORDI06287,2018-09-17,16:37:10,Dinner,NS,"[('Pasta', 10), ('Salmon', 2)]",357.0,-37.8240761,144.9425475,0,10.688,16.8183572
ORDC04210,2018-09-08,16:16:54,Dinner,NS,"[('Pasta', 6), ('Salmon', 4), ('Shrimp', 4)]",545.0,-37.8210709,144.9771819,0,8.779,17.2139557
ORDB10034,2018-01-02,08:00:00,Breakfast,TP,"[('Coffee', 5), ('Cereal', 4), ('Pancake', 4)]",218.5,-37.8121658,144.942053,1,9.938,5.7582264
ORDJ03268,2018-02-23,09:41:24,Breakfast,TP,"[('Cereal', 2), ('Pancake', 5), ('Eggs', 8)]",339.25,-37.8066559,144.9327335,0,10.992,13.2004078
ORDC03338,2018-07-18,14:35:29,Lunch,NS,"[('Steak', 3), ('Fries', 9)]",243.0,-37.8110695,144.9678616,0,7.476,12.5598609
ORDA08640,2018-03-04,10:01:41,Breakfast,BK,"[('Eggs', 6), ('Coffee', 5), ('Pancake', 10)]",412.0,-37.8023972,144.9633598,0,7.818,15.4688567
ORDJ09465,2018-10-12,17:27:53,Dinner,TP,"[('Salmon', 3), ('Shrimp', 3), ('Pasta', 10), ('Fish&Chips', 8)]",840.0,-37.8113609,144.9300852,0,11.891,15.9093997
ORDX09100,2018-09-03,16:06:45,Dinner,BK,"[('Pasta', 4), ('Salmon', 10), ('Fish&Chips', 9)]",835.0,-37.8015275,144.9581491,0,8.345,15.0570228
ORDZ10540,2018-07-08,14:15:12,Lunch,NS,"[('Burger', 4), ('Fries', 10), ('Salad', 8)]",381.6,-37.7992159,144.9620989,0,6.951,14.3339128
ORDA10464,2018-08-14,15:26:11,Lunch,BK,"[('Fries', 8), ('Burger', 8)]",344.0,-37.8032633,144.9509739,0,8.604,14.4344939
ORDB02621,2018-08-11,15:16:03,Lunch,TP,"[('Salad', 4), ('Chicken', 8)]",324.8,-37.8113212,144.9475698,0,10.446,15.4006834
ORDY00312,2018-09-04,16:06:45,Dinner,TP,"[('Salmon', 6), ('Shrimp', 3)]",408.0,-37.7994961,144.9491927,0,10.339,13.8860521
ORDA07436,2018-08-03,15:05:54,Lunch,BK,"[('Steak', 2), ('Salad', 3), ('Fries', 2)]",165.6,-37.8147213,144.9903858,0,5.43,10.9528337
ORDI02233,2018-03-17,10:21:58,Breakfast,NS,"[('Cereal', 4), ('Eggs', 2), ('Coffee', 8)]",188.0,-37.8079892,144.97161,0,7.025,13.9780144
ORDK02745,2018-02-25,09:41:24,Breakfast,BK,"[('Cereal', 4), ('Eggs', 1), ('Coffee', 5), ('Pancake', 1)]",167.75,-37.8162688,144.9563044,0,8.384,15.647956
ORDJ03224,2018-05-02,12:03:22,Lunch,TP,"[('Burger', 5), ('Steak', 4)]",335.0,-37.8209667,144.9277688,0,10.673,13.5543139
ORDK08170,2018-07-03,14:05:04,Lunch,BK,"[('Burger', 9), ('Steak', 1), ('Chicken', 4), ('Fries', 5)]",512.0,-37.8196813,144.9810997,0,6.595,12.5079552
ORDJ03909,2018-11-28,18:59:09,Dinner,TP,"[('Pasta', 3), ('Fish&Chips', 7)]",327.5,-37.8200257,144.9669756,0,7.441,11.7290756
ORDA00527,2018-08-30,15:56:37,Lunch,BK,"[('Fries', 9), ('Salad', 6), ('Burger', 5), ('Chicken', 10)]",686.2,-37.8218851,144.9658603,0,8.021,14.1023148
ORDB08131,2018-07-12,14:15:12,Lunch,TP,"[('Fries', 1), ('Chicken', 3), ('Burger', 4)]",232.0,-37.81532,145.0075602,0,11.586,14.7070181
ORDA07524,2018-11-12,18:28:43,Dinner,BK,"[('Fish&Chips', 10), ('Pasta', 9)]",597.5,-37.8126906,144.9569509,0,8.128,15.180739
ORDY05711,2018-08-12,15:26:11,Lunch,TP,"[('Fries', 7), ('Chicken', 2)]",148.0,-37.8082514,144.9411888,0,10.13,14.8811749
ORDI06799,2018-10-27,17:48:10,Dinner,NS,"[('Fish&Chips', 8), ('Shrimp', 9)]",766.0,-37.8174079,144.9662649,0,8.429,15.808324
ORDK01207,2018-05-18,12:33:48,Lunch,BK,"[('Steak', 5), ('Fries', 9)]",333.0,-37.8045374,144.9431479,0,9.221,14.7698488
ORDA00277,2018-02-10,09:10:59,Breakfast,BK,"[('Pancake', 10), ('Eggs', 2), ('Coffee', 5), ('Cereal', 10)]",534.0,-37.8070779,144.9656769,0,7.196,14.9351876
ORDC06989,2018-08-01,14:55:46,Lunch,NS,"[('Salad', 1), ('Chicken', 5)]",177.2,-37.799838,144.9622065,0,6.908,12.2483293
ORDX10292,2018-10-29,17:58:18,Dinner,BK,"[('Shrimp', 1), ('Pasta', 5), ('Fish&Chips', 6), ('Salmon', 4)]",565.5,-37.8009954,144.9912719,0,6.741,14.1984176
ORDI02580,2018-07-05,14:05:04,Lunch,NS,"[('Steak', 3), ('Salad', 10)]",307.0,-37.8206326,144.9484857,0,9.72,15.6786637
ORDA00959,2018-05-23,12:43:56,Lunch,BK,"[('Fries', 3), ('Burger', 10), ('Chicken', 4), ('Steak', 1)]",519.0,-37.815195,144.9896394,0,5.55,11.1267383
ORDI06180,2018-06-16,13:24:30,Lunch,NS,"[('Salad', 10), ('Chicken', 3), ('Burger', 6)]",454.0,-37.8002993,144.9438816,0,8.582,15.8523487
ORDA00243,2018-10-10,17:17:44,Dinner,BK,"[('Shrimp', 6), ('Fish&Chips', 8), ('Salmon', 10), ('Pasta', 2)]",1069.0,-37.8126938,144.9526134,0,8.551,15.553541
ORDB00555,2018-02-04,09:00:50,Breakfast,TP,"[('Coffee', 10), ('Pancake', 1), ('Eggs', 7)]",253.25,-37.8172529,144.9907953,0,9.858,13.9977782
ORDA04512,2018-12-24,19:49:51,Dinner,BK,"[('Shrimp', 2), ('Salmon', 3), ('Pasta', 6), ('Fish&Chips', 3)]",501.0,-37.822358,144.982749,0,6.657,12.8111249
ORDI04826,2018-10-23,17:48:10,Dinner,NS,"[('Pasta', 5), ('Shrimp', 1), ('Salmon', 3), ('Fish&Chips', 7)]",559.5,-37.8071253,144.9486282,0,8.66,14.3732678
ORDI05893,2018-03-15,10:21:58,Breakfast,NS,"[('Eggs', 10), ('Pancake', 9), ('Cereal', 9)]",627.25,-37.7995518,145.0036237,0,9.555,14.2671185
ORDI01906,2018-12-16,19:39:43,Dinner,NS,"[('Pasta', 9), ('Fish&Chips', 3), ('Shrimp', 9), ('Salmon', 10)]",1248.5,-37.8075218,144.9554757,0,8.157,15.8905696
ORDA00848,2018-03-07,10:01:41,Breakfast,BK,"[('Cereal', 10), ('Pancake', 5), ('Eggs', 7), ('Coffee', 8)]",545.25,-37.8131348,144.9513204,0,8.567,13.5646552
ORDC08285,2018-09-27,16:57:27,Dinner,NS,"[('Pasta', 8), ('Shrimp', 3), ('Fish&Chips', 7)]",627.0,-37.8078182,144.9437606,0,9.172,15.5280269
ORDB05350,2018-11-03,18:08:27,Dinner,TP,"[('Shrimp', 1), ('Salmon', 2), ('Fish&Chips', 1)]",171.0,-37.8249739,144.9589181,0,8.157,13.8595105
ORDX10698,2018-06-10,13:14:21,Lunch,BK,"[('Salad', 10), ('Steak', 2)]",262.0,-37.8149035,144.9459165,0,9.081,17.5237579
ORDC08933,2018-07-12,14:15:12,Lunch,NS,"[('Salad', 2), ('Fries', 9), ('Chicken', 8)]",398.4,-37.81139,144.9731504,0,7.444,13.0330046
ORDI03722,2018-10-19,17:38:01,Dinner,NS,"[('Salmon', 8), ('Fish&Chips', 5)]",503.0,-37.8185184,144.9670945,0,8.476,14.7091097
ORDY08437,2018-09-10,16:16:54,Dinner,TP,"[('Pasta', 5), ('Fish&Chips', 8), ('Salmon', 4), ('Shrimp', 3)]",743.5,-37.8147957,144.9448989,0,9.585,14.1508075
ORDK04911,2018-06-14,13:24:30,Lunch,BK,"[('Chicken', 6), ('Burger', 4), ('Steak', 8), ('Salad', 1)]",693.2,-37.7998087,144.9671663,0,7.851,13.750551
ORDX10935,2018-06-10,13:14:21,Lunch,BK,"[('Salad', 9), ('Fries', 8)]",250.8,-37.8156856,144.9578168,0,8.234,16.5468545
ORDX03129,2018-03-15,10:21:58,Breakfast,BK,"[('Coffee', 9), ('Eggs', 2)]",111.5,-37.8202713,144.9818494,0,6.704,11.8232038
ORDZ08008,2018-04-24,11:43:05,Breakfast,NS,"[('Coffee', 3), ('Eggs', 6), ('Pancake', 1)]",178.75,-37.8020948,145.0019104,0,9.151,14.1429818
ORDA05630,2018-10-16,17:27:53,Dinner,BK,"[('Pasta', 6), ('Shrimp', 3), ('Salmon', 3)]",450.0,-37.825097,144.9928374,0,6.083,12.6486146
ORDX03439,2018-12-17,19:39:43,Dinner,BK,"[('Salmon', 2), ('Pasta', 3), ('Fish&Chips', 6)]",374.5,-37.8059635,144.9408821,0,9.791,16.8908326
ORDK03615,2018-08-22,15:46:28,Lunch,BK,"[('Salad', 5), ('Burger', 8), ('Steak', 1)]",379.0,-37.8152244,144.9489969,0,9.227,15.3886736
ORDC09106,2018-07-26,14:45:38,Lunch,NS,"[('Fries', 5), ('Burger', 9), ('Chicken', 1), ('Steak', 1)]",416.0,-37.8042176,144.9682766,0,6.602,12.4922801
ORDB10132,2018-09-07,16:16:54,Dinner,TP,"[('Fish&Chips', 5), ('Pasta', 5), ('Shrimp', 7)]",690.5,-37.820534,144.9772392,0,8.718,12.7821273
ORDI03000,2018-07-01,13:54:55,Lunch,NS,"[('Fries', 5), ('Steak', 2)]",150.0,-37.8134831,144.9657406,0,7.842,15.6612009
ORDA01605,2018-07-08,14:15:12,Lunch,BK,"[('Burger', 5), ('Steak', 10), ('Salad', 10)]",777.0,-37.8178648,144.9513741,0,8.871,17.144786
ORDJ02568,2018-05-06,12:03:22,Lunch,TP,"[('Chicken', 2), ('Salad', 5), ('Fries', 5)]",210.0,-37.8081329,144.9339054,0,10.861,15.2192975
ORDI10953,2018-02-15,09:21:07,Breakfast,NS,"[('Cereal', 2), ('Coffee', 1), ('Eggs', 1)]",71.5,-37.8029263,144.988022,0,7.899,12.753683
ORDY03184,2018-12-02,19:09:17,Dinner,TP,"[('Shrimp', 7), ('Salmon', 10), ('Fish&Chips', 6), ('Pasta', 9)]",1245.5,-37.8154081,144.966467,0,7.976,13.6701187
ORDB02119,2018-02-11,09:21:07,Breakfast,TP,"[('Cereal', 5), ('Pancake', 10)]",347.5,-37.8102617,144.9695829,0,8.855,12.1878416
ORDX04728,2018-05-23,12:43:56,Lunch,BK,"[('Burger', 6), ('Fries', 4), ('Salad', 5), ('Steak', 5)]",545.0,-37.8145258,145.0155108,0,4.798,10.4426018
ORDX03045,2018-02-03,09:00:50,Breakfast,BK,"[('Pancake', 5), ('Eggs', 2), ('Cereal', 8)]",333.25,-37.8216112,144.9613432,0,8.236,15.4102925
ORDC08724,2018-02-19,09:31:16,Breakfast,NS,"[('Cereal', 5), ('Pancake', 10), ('Coffee', 8), ('Eggs', 4)]",495.5,-37.8050314,144.9279056,0,10.574,15.5316739
ORDX05417,2018-02-25,09:41:24,Breakfast,BK,"[('Coffee', 6), ('Eggs', 7), ('Cereal', 7)]",346.0,-37.8126526,144.9607696,0,7.795,15.3548385
ORDA09723,2018-03-06,10:01:41,Breakfast,BK,"[('Eggs', 5), ('Coffee', 7)]",162.5,-37.8098862,144.9763827,0,6.536,11.5789745
ORDK10665,2018-03-17,10:21:58,Breakfast,BK,"[('Pancake', 5), ('Coffee', 1), ('Cereal', 2), ('Eggs', 9)]",368.75,-37.8203517,144.9826282,0,6.603,14.1615318
ORDX02435,2018-09-13,16:27:02,Dinner,BK,"[('Fish&Chips', 9), ('Pasta', 4)]",425.0,-37.7999827,144.9547057,0,8.525,16.0832961
ORDZ07178,2018-06-16,13:24:30,Lunch,NS,"[('Steak', 4), ('Chicken', 1)]",212.0,-37.8199952,145.0142183,0,11.404,18.8659593
ORDJ08061,2018-07-03,14:05:04,Lunch,TP,"[('Steak', 1), ('Salad', 10), ('Burger', 7)]",434.0,-37.8165078,144.9668724,0,7.84,11.6182332
ORDC09311,2018-09-06,16:06:45,Dinner,NS,"[('Shrimp', 3), ('Fish&Chips', 2), ('Pasta', 10), ('Salmon', 10)]",917.0,-37.8127205,144.9399464,0,9.646,16.0082778
ORDJ06375,2018-09-29,16:57:27,Dinner,TP,"[('Salmon', 9), ('Pasta', 4), ('Shrimp', 10)]",1019.0,-37.8025386,144.952631,0,9.859,15.4291549
ORDY05043,2018-11-28,18:59:09,Dinner,TP,"[('Fish&Chips', 10), ('Pasta', 10), ('Salmon', 3)]",748.0,-37.8054079,144.9671814,0,9.442,13.9170761
ORDB09402,2018-06-27,13:44:47,Lunch,TP,"[('Steak', 5), ('Salad', 10), ('Fries', 10), ('Burger', 9), ('Chicken', 8)]",1052.0,-37.806343,144.9487028,0,9.923,13.0157118
ORDY09475,2018-05-17,12:23:39,Lunch,TP,"[('Steak', 10), ('Fries', 9), ('Salad', 6), ('Burger', 8)]",909.2,-37.8029833,144.9579563,0,9.368,12.5575492
ORDY05868,2018-04-23,11:43:05,Breakfast,TP,"[('Pancake', 8), ('Eggs', 10)]",414.0,-37.8188744,144.9533351,0,8.508,10.7182105
ORDZ05634,2018-08-25,15:46:28,Lunch,NS,"[('Chicken', 6), ('Salad', 1), ('Burger', 7), ('Fries', 3), ('Steak', 10)]",912.2,-37.8055499,144.9756707,0,6.983,14.3308462
ORDK09369,2018-02-24,09:41:24,Breakfast,BK,"[('Coffee', 4), ('Cereal', 7)]",177.0,-37.8166806,144.9604608,0,8.138,15.7967305
ORDZ08893,2018-03-13,10:21:58,Breakfast,NS,"[('Coffee', 7), ('Pancake', 8), ('Eggs', 7)]",400.5,-37.8252749,144.9817565,0,9.546,14.7038608
ORDC01105,2018-02-07,09:10:59,Breakfast,NS,"[('Eggs', 10), ('Pancake', 5)]",341.25,-37.8159167,144.9724358,0,7.876,12.692398
ORDJ09844,2018-11-13,18:28:43,Dinner,TP,"[('Pasta', 6), ('Fish&Chips', 5), ('Salmon', 5), ('Shrimp', 2)]",653.0,-37.8206738,144.941736,0,9.467,13.5319262
ORDB10030,2018-09-26,16:47:19,Dinner,TP,"[('Shrimp', 10), ('Fish&Chips', 7)]",785.0,-37.79941,144.9605404,0,9.972,14.0789076
ORDC06216,2018-09-24,16:47:19,Dinner,NS,"[('Shrimp', 6), ('Salmon', 7)]",611.0,-37.8168138,144.9881655,0,9.053,14.9866869
ORDC05769,2018-12-06,19:09:17,Dinner,NS,"[('Salmon', 8), ('Fish&Chips', 8), ('Shrimp', 1), ('Pasta', 10)]",937.0,-37.8191349,144.9543556,0,9.182,15.3460562
ORDC01448,2018-10-28,17:58:18,Dinner,NS,"[('Salmon', 8), ('Fish&Chips', 8), ('Pasta', 5)]",745.5,-37.8096634,144.9475724,0,8.933,16.6951098
ORDI00538,2018-04-05,11:02:32,Breakfast,NS,"[('Cereal', 10), ('Eggs', 7)]",364.0,-37.8253385,144.9460998,0,10.345,15.4794493
ORDA01345,2018-04-20,11:32:57,Breakfast,BK,"[('Coffee', 7), ('Cereal', 2), ('Pancake', 2), ('Eggs', 10)]",363.0,-37.8188737,144.9527811,0,8.865,13.7402661
ORDX00854,2018-09-24,16:47:19,Dinner,BK,"[('Salmon', 3), ('Pasta', 9)]",370.5,-37.8080854,144.9538304,0,8.399,16.1195218
ORDA10636,2018-12-09,19:19:26,Dinner,BK,"[('Fish&Chips', 9), ('Shrimp', 7), ('Salmon', 7), ('Pasta', 2)]",1035.0,-37.8222512,144.9497707,0,9.082,18.1135105
ORDJ00213,2018-01-30,08:50:42,Breakfast,TP,"[('Coffee', 2), ('Pancake', 8), ('Eggs', 3)]",275.0,-37.8095238,144.9904915,0,10.228,13.251774
ORDJ03900,2018-03-24,10:42:15,Breakfast,TP,"[('Coffee', 4), ('Cereal', 2), ('Eggs', 1)]",94.0,-37.8201966,144.9650477,0,7.26,11.4506674
ORDX06730,2018-07-04,14:05:04,Lunch,BK,"[('Steak', 2), ('Chicken', 5), ('Burger', 9)]",529.0,-37.7990374,144.9357658,0,12.327,18.5693981
ORDK05956,2018-04-26,11:43:05,Breakfast,BK,"[('Pancake', 1), ('Coffee', 1), ('Cereal', 2), ('Eggs', 8)]",249.75,-37.8182336,144.9652288,0,7.637,12.7776014
ORDB00284,2018-01-08,08:10:08,Breakfast,TP,"[('Cereal', 9), ('Pancake', 8), ('Eggs', 3), ('Coffee', 5)]",486.5,-37.8053812,144.987412,1,10.362,5.9171294
ORDB00163,2018-12-08,19:19:26,Dinner,TP,"[('Shrimp', 8), ('Pasta', 4), ('Salmon', 3)]",665.0,-37.8067765,144.9628773,0,8.985,14.9110188
ORDZ05222,2018-03-11,10:11:49,Breakfast,NS,"[('Cereal', 9), ('Pancake', 2)]",237.5,-37.8027273,144.9636882,0,6.921,14.5742215
ORDI07789,2018-01-22,08:40:33,Breakfast,NS,"[('Cereal', 9), ('Eggs', 4)]",277.0,-37.8008042,144.9748265,0,6.56,10.9851635
ORDK03423,2018-10-22,17:48:10,Dinner,BK,"[('Fish&Chips', 6), ('Shrimp', 6), ('Pasta', 6)]",699.0,-37.8199567,144.9614133,0,8.059,14.9388905
ORDY05858,2018-12-09,19:19:26,Dinner,TP,"[('Pasta', 1), ('Fish&Chips', 10), ('Salmon', 1)]",418.5,-37.8063815,144.937708,0,10.5,16.106977
ORDA09580,2018-05-01,11:53:14,Breakfast,BK,"[('Cereal', 10), ('Coffee', 4), ('Eggs', 8)]",416.0,-37.809082,144.9517116,0,8.569,13.1693806
ORDZ06961,2018-09-05,16:06:45,Dinner,NS,"[('Fish&Chips', 4), ('Salmon', 6), ('Shrimp', 2), ('Pasta', 9)]",741.5,-37.8148931,144.9272025,0,10.828,17.1878415
ORDB01576,2018-07-21,14:35:29,Lunch,TP,"[('Steak', 9), ('Chicken', 7), ('Salad', 2), ('Burger', 2), ('Fries', 8)]",821.4,-37.8219099,145.0114199,0,11.92,16.3735687
ORDC02662,2018-09-25,16:47:19,Dinner,NS,"[('Shrimp', 6), ('Salmon', 3), ('Pasta', 9), ('Fish&Chips', 4)]",834.5,-37.8210532,144.9475329,0,9.822,15.939432
ORDA02920,2018-04-04,11:02:32,Breakfast,BK,"[('Pancake', 7), ('Cereal', 9)]",358.75,-37.8083096,144.9478549,0,8.987,14.0473389
ORDA05792,2018-11-16,18:28:43,Dinner,BK,"[('Fish&Chips', 4), ('Pasta', 6)]",305.0,-37.8119028,144.9780502,0,6.384,12.7852759
ORDA00120,2018-10-11,17:17:44,Dinner,BK,"[('Fish&Chips', 7), ('Shrimp', 3), ('Pasta', 3)]",489.5,-37.8121238,144.9534288,0,8.43,14.7439863
ORDA06598,2018-08-31,15:56:37,Lunch,BK,"[('Salad', 5), ('Steak', 2)]",176.0,-37.8048374,144.9578248,0,7.994,13.6817577
ORDK06332,2018-08-07,15:16:03,Lunch,BK,"[('Chicken', 4), ('Salad', 7), ('Steak', 1), ('Burger', 1)]",324.4,-37.8148844,144.9376827,0,9.936,15.6773729
ORDC00713,2018-01-20,08:30:25,Breakfast,NS,"[('Coffee', 2), ('Eggs', 9), ('Pancake', 10)]",455.5,-37.800684,144.9857971,0,7.634,14.507747
ORDI09752,2018-03-08,10:11:49,Breakfast,NS,"[('Eggs', 6), ('Pancake', 10), ('Coffee', 9)]",442.0,-37.8079064,144.9730355,0,7.082,11.7431524
ORDZ08863,2018-05-13,12:23:39,Lunch,NS,"[('Chicken', 2), ('Steak', 2)]",154.0,-37.7993647,144.9588277,0,7.323,14.8789223
ORDY00671,2018-08-02,15:05:54,Lunch,TP,"[('Fries', 2), ('Salad', 4), ('Chicken', 2), ('Burger', 5)]",311.8,-37.8230461,144.9780827,0,8.268,12.1060998
ORDZ06681,2018-01-22,08:40:33,Breakfast,NS,"[('Cereal', 8), ('Coffee', 3), ('Pancake', 6), ('Eggs', 6)]",468.0,-37.8078888,144.9545472,0,8.241,13.134802
ORDK02081,2018-11-21,18:49:00,Dinner,BK,"[('Salmon', 9), ('Fish&Chips', 8), ('Pasta', 3), ('Shrimp', 6)]",1055.5,-37.8077748,144.9332945,0,10.455,17.4426583
ORDJ07316,2018-06-12,13:24:30,Lunch,TP,"[('Burger', 4), ('Fries', 2)]",148.0,-37.8054046,144.9435795,0,10.203,13.5519431
ORDB11101,2018-05-07,12:03:22,Lunch,TP,"[('Steak', 3), ('Chicken', 9), ('Fries', 10), ('Salad', 6), ('Burger', 5)]",801.2,-37.8067888,144.954574,0,9.295,12.4931308
ORDA08295,2018-03-13,10:21:58,Breakfast,BK,"[('Cereal', 6), ('Pancake', 7)]",295.75,-37.8198468,144.9670168,0,7.826,12.1926006
ORDJ02613,2018-04-23,11:43:05,Breakfast,TP,"[('Pancake', 3), ('Coffee', 10)]",147.75,-37.8189659,144.9532,0,8.528,10.9858091
ORDK10924,2018-10-30,17:58:18,Dinner,BK,"[('Shrimp', 4), ('Fish&Chips', 5), ('Pasta', 2)]",446.0,-37.807911,144.9418072,0,9.864,16.8260618
ORDK01947,2018-12-27,20:00:00,Dinner,BK,"[('Shrimp', 2), ('Fish&Chips', 8), ('Salmon', 8)]",716.0,-37.8199098,144.9436993,0,9.674,16.8787171
ORDJ02536,2018-07-27,14:45:38,Lunch,TP,"[('Fries', 4), ('Steak', 2), ('Burger', 6), ('Salad', 4), ('Chicken', 6)]",584.8,-37.8002505,144.9700839,0,9.988,13.2005475
ORDC03368,2018-02-12,09:21:07,Breakfast,NS,"[('Eggs', 7), ('Cereal', 1), ('Coffee', 9), ('Pancake', 4)]",339.5,-37.8116894,145.0009412,0,9.651,14.898062
ORDI05090,2018-12-08,19:19:26,Dinner,NS,"[('Salmon', 5), ('Fish&Chips', 4), ('Pasta', 3), ('Shrimp', 2)]",535.5,-37.8067729,144.9628411,0,7.354,15.2614849
ORDC10964,2018-05-22,12:33:48,Lunch,NS,"[('Steak', 2), ('Fries', 1), ('Chicken', 8)]",358.0,-37.8205244,144.9575339,0,9.211,14.9040198
ORDA07356,2018-12-03,19:09:17,Dinner,BK,"[('Salmon', 6), ('Shrimp', 7), ('Fish&Chips', 3)]",729.0,-37.8006046,145.0008396,0,5.17,12.1990963
ORDA05381,2018-05-11,12:13:31,Lunch,BK,"[('Fries', 10), ('Chicken', 5), ('Burger', 3), ('Salad', 1)]",390.2,-37.8107136,145.0063841,0,3.615,9.7941493
ORDY06339,2018-07-07,14:05:04,Lunch,TP,"[('Salad', 7), ('Chicken', 7)]",344.4,-37.8186767,144.9630157,0,7.725,13.0229593
ORDC05206,2018-07-08,14:15:12,Lunch,NS,"[('Burger', 9), ('Chicken', 2), ('Steak', 9)]",748.0,-37.8061413,144.9861693,0,7.967,15.3637873
ORDA08847,2018-07-28,14:55:46,Lunch,BK,"[('Salad', 10), ('Burger', 5), ('Steak', 4), ('Chicken', 4), ('Fries', 3)]",671.0,-37.8099713,144.9583438,0,7.975,16.079639
ORDA10466,2018-03-21,10:32:06,Breakfast,BK,"[('Pancake', 8), ('Coffee', 10), ('Cereal', 10), ('Eggs', 10)]",699.0,-37.8128454,144.9598685,0,7.88,13.1054218
ORDZ10177,2018-10-02,17:07:36,Dinner,NS,"[('Shrimp', 1), ('Pasta', 4), ('Fish&Chips', 2), ('Salmon', 5)]",439.0,-37.8132223,144.9852248,0,8.624,14.3787277
ORDJ08566,2018-04-20,11:32:57,Breakfast,TP,"[('Pancake', 8), ('Eggs', 1), ('Cereal', 3)]",279.0,-37.8226384,144.935269,0,9.978,12.5273902
ORDB09554,2018-04-22,11:32:57,Breakfast,TP,"[('Eggs', 8), ('Pancake', 2)]",224.5,-37.8223062,144.9967359,0,10.148,14.7453094
ORDJ01751,2018-12-03,19:09:17,Dinner,TP,"[('Pasta', 10), ('Fish&Chips', 1), ('Salmon', 4), ('Shrimp', 7)]",852.0,-37.8209409,144.969902,0,7.788,12.0776055
ORDZ01711,2018-02-21,09:41:24,Breakfast,NS,"[('Pancake', 5), ('Cereal', 9), ('Eggs', 6)]",442.25,-37.810386,144.992749,0,8.893,13.6764782
ORDI06875,2018-08-27,15:46:28,Lunch,NS,"[('Fries', 9), ('Chicken', 4), ('Salad', 2), ('Steak', 5)]",495.4,-37.8097478,144.9924054,0,8.786,14.6123387
ORDX10052,2018-08-07,15:16:03,Lunch,BK,"[('Burger', 2), ('Steak', 3), ('Chicken', 1)]",229.0,-37.8027573,144.9468318,0,8.978,15.094762
ORDB06773,2018-04-18,11:32:57,Breakfast,TP,"[('Cereal', 4), ('Eggs', 1), ('Pancake', 6), ('Coffee', 8)]",311.5,-37.813178,144.9738688,0,8.634,11.4221302
ORDA02224,2018-07-08,14:15:12,Lunch,BK,"[('Fries', 4), ('Salad', 1), ('Steak', 8), ('Burger', 4), ('Chicken', 8)]",805.2,-37.8176749,144.9517603,0,8.829,16.6631587
ORDX02661,2018-08-04,15:05:54,Lunch,BK,"[('Steak', 4), ('Fries', 7), ('Chicken', 7)]",488.0,-37.8032687,144.9501039,0,8.819,17.2624546
ORDA03485,2018-11-27,18:59:09,Dinner,BK,"[('Salmon', 1), ('Pasta', 6)]",206.0,-37.8134322,144.9409425,0,9.605,16.8444326
ORDB09520,2018-08-29,15:56:37,Lunch,TP,"[('Steak', 8), ('Salad', 10), ('Fries', 10)]",652.0,-37.810548,144.9609973,0,8.507,11.8211305
ORDZ01831,2018-08-14,15:26:11,Lunch,NS,"[('Steak', 9), ('Salad', 5)]",491.0,-37.8233877,145.0002961,0,10.574,16.1591967
ORDA02135,2018-09-20,16:37:10,Dinner,BK,"[('Pasta', 10), ('Fish&Chips', 5), ('Salmon', 5), ('Shrimp', 1)]",709.0,-37.8134183,144.9544415,0,8.368,15.4282355
ORDY09714,2018-12-06,19:09:17,Dinner,TP,"[('Pasta', 2), ('Salmon', 9)]",424.0,-37.8184396,144.9567454,0,8.155,12.3240157
ORDX03208,2018-05-29,12:54:05,Lunch,BK,"[('Chicken', 5), ('Burger', 2)]",222.0,-37.8000319,144.9258133,0,12.752,18.9042008
ORDK01033,2018-07-14,14:25:21,Lunch,BK,"[('Steak', 7), ('Burger', 4), ('Chicken', 5), ('Salad', 2)]",633.4,-37.8092623,144.9838244,0,5.58,13.9479364
ORDC07040,2018-08-19,15:36:20,Lunch,NS,"[('Fries', 5), ('Steak', 7), ('Chicken', 7), ('Burger', 7)]",816.0,-37.8163324,144.9563363,0,8.718,15.7567521
ORDX04815,2018-02-25,09:41:24,Breakfast,BK,"[('Cereal', 7), ('Pancake', 4), ('Eggs', 10)]",464.0,-37.8158954,144.9571814,0,8.295,15.7238039
ORDA01558,2018-11-05,18:08:27,Dinner,BK,"[('Shrimp', 10), ('Fish&Chips', 5), ('Pasta', 8), ('Salmon', 2)]",1017.0,-37.815967,144.9636436,0,7.884,14.4311873
ORDI05860,2018-06-06,13:04:13,Lunch,NS,"[('Salad', 1), ('Fries', 9), ('Steak', 6), ('Burger', 7)]",612.2,-37.7999886,144.9888579,0,7.947,13.196932
ORDI10634,2018-11-04,18:08:27,Dinner,NS,"[('Fish&Chips', 7), ('Shrimp', 4), ('Salmon', 9), ('Pasta', 8)]",1050.0,-37.8113191,144.9528176,0,8.479,16.4701094
ORDC01546,2018-03-19,10:32:06,Breakfast,NS,"[('Pancake', 8), ('Cereal', 8), ('Eggs', 5)]",472.0,-37.8124739,144.957014,0,8.206,13.0599005
ORDY03042,2018-02-27,09:51:32,Breakfast,TP,"[('Coffee', 2), ('Cereal', 2), ('Eggs', 5)]",167.0,-37.8105086,144.9656708,0,8.618,12.0475187
ORDZ03643,2018-11-22,18:49:00,Dinner,NS,"[('Pasta', 4), ('Salmon', 5)]",315.0,-37.8112718,144.9731604,0,7.437,13.3070259
ORDA03748,2018-01-22,08:40:33,Breakfast,BK,"[('Eggs', 3), ('Coffee', 10)]",141.0,-37.8150689,144.9641288,0,7.707,12.1226239
ORDK04598,2018-03-27,10:42:15,Breakfast,BK,"[('Cereal', 8), ('Pancake', 3)]",240.75,-37.8210032,144.9552214,0,8.574,13.9076094
ORDZ01163,2018-11-02,18:08:27,Dinner,NS,"[('Shrimp', 4), ('Fish&Chips', 2), ('Salmon', 2), ('Pasta', 8)]",588.0,-37.8009849,144.9786899,0,6.928,12.9119709
ORDB03439,2018-12-04,19:09:17,Dinner,TP,"[('Shrimp', 7), ('Pasta', 9), ('Fish&Chips', 6)]",835.5,-37.8105716,145.0008345,0,11.112,14.8326893
ORDB07747,2018-05-28,12:54:05,Lunch,TP,"[('Salad', 2), ('Burger', 10)]",344.4,-37.8093498,144.9544911,0,9.037,12.6130087
ORDK04607,2018-07-08,14:15:12,Lunch,BK,"[('Chicken', 6), ('Fries', 8), ('Burger', 5)]",443.0,-37.7992825,144.9367692,0,10.02,18.9164955
ORDY09276,2018-07-31,14:55:46,Lunch,TP,"[('Fries', 2), ('Chicken', 7), ('Salad', 1)]",265.2,-37.794305,144.9873975,0,11.534,14.3368313
ORDI07352,2018-01-18,08:30:25,Breakfast,NS,"[('Coffee', 7), ('Pancake', 1), ('Eggs', 9)]",274.75,-37.8235073,144.9398909,1,10.883,7.9775608
ORDK03823,2018-07-07,14:05:04,Lunch,BK,"[('Chicken', 2), ('Steak', 10), ('Fries', 8), ('Salad', 10)]",782.0,-37.819498,144.960084,0,8.116,16.3604654
ORDB09623,2018-08-13,15:26:11,Lunch,TP,"[('Chicken', 3), ('Fries', 2), ('Salad', 2), ('Steak', 8), ('Burger', 1)]",545.4,-37.8103133,144.9883833,0,10.048,13.1471972
ORDY01626,2018-03-19,10:32:06,Breakfast,TP,"[('Coffee', 3), ('Cereal', 7), ('Pancake', 8)]",363.5,-37.8119981,144.9568429,0,8.623,11.8385723
ORDZ03545,2018-10-25,17:48:10,Dinner,NS,"[('Fish&Chips', 3), ('Shrimp', 1)]",159.0,-37.8056609,144.9714694,0,6.817,12.2149563
ORDZ07095,2018-04-02,11:02:32,Breakfast,NS,"[('Cereal', 2), ('Eggs', 9), ('Coffee', 9), ('Pancake', 6)]",453.0,-37.814102,144.984733,0,8.572,13.8669534
ORDY06787,2018-09-11,16:27:02,Dinner,TP,"[('Shrimp', 5), ('Fish&Chips', 4)]",410.0,-37.8079412,144.969917,0,9.178,13.3658654
ORDJ05003,2018-08-01,14:55:46,Lunch,TP,"[('Steak', 2), ('Salad', 6), ('Fries', 8)]",289.2,-37.8076259,144.9479451,0,9.722,13.3338473
ORDZ05291,2018-03-12,10:11:49,Breakfast,NS,"[('Eggs', 5), ('Coffee', 10), ('Cereal', 6)]",311.0,-37.8062378,144.9593026,0,7.653,12.6965006
ORDA01209,2018-04-19,11:32:57,Breakfast,BK,"[('Pancake', 3), ('Eggs', 4), ('Cereal', 9)]",349.75,-37.8152337,144.9748081,0,6.714,11.6627067
ORDJ09207,2018-11-15,18:28:43,Dinner,TP,"[('Fish&Chips', 9), ('Pasta', 2), ('Salmon', 3)]",493.0,-37.8163489,144.9384098,0,10.354,14.0334361
ORDI02944,2018-09-04,16:06:45,Dinner,NS,"[('Pasta', 4), ('Shrimp', 6)]",434.0,-37.799758,144.9491694,0,8.198,14.5894346
ORDJ06742,2018-11-03,18:08:27,Dinner,TP,"[('Shrimp', 3), ('Pasta', 1), ('Fish&Chips', 3), ('Salmon', 10)]",704.5,-37.8115439,144.9520653,0,9.11,14.9674722
ORDJ09966,2018-02-21,09:41:24,Breakfast,TP,"[('Eggs', 9), ('Coffee', 9)]",265.5,-37.8049857,144.9956792,0,11.148,13.7971592
ORDZ02662,2018-05-04,12:03:22,Lunch,NS,"[('Salad', 4), ('Steak', 2), ('Chicken', 9)]",446.8,-37.8026718,144.9383152,0,9.978,15.2184904
ORDC08015,2018-03-02,09:51:32,Breakfast,NS,"[('Eggs', 4), ('Coffee', 9)]",155.5,-37.8060498,144.9742596,0,7.264,12.4054456
ORDA09817,2018-02-07,09:10:59,Breakfast,BK,"[('Coffee', 3), ('Cereal', 1)]",43.5,-37.82003,144.92037,0,11.927,16.6330211
ORDZ00316,2018-04-25,11:43:05,Breakfast,NS,"[('Coffee', 7), ('Pancake', 2), ('Cereal', 5), ('Eggs', 5)]",316.0,-37.8187329,144.953416,0,9.216,14.2606176
ORDZ08272,2018-04-02,11:02:32,Breakfast,NS,"[('Pancake', 2), ('Coffee', 6)]",93.5,-37.813359,144.9513651,0,8.603,13.2197347
ORDX07121,2018-03-09,10:11:49,Breakfast,BK,"[('Pancake', 5), ('Eggs', 2), ('Cereal', 10), ('Coffee', 2)]",390.25,-37.8157963,144.9664983,0,7.568,12.2826572
ORDZ07851,2018-04-29,11:53:14,Breakfast,NS,"[('Coffee', 5), ('Pancake', 4), ('Eggs', 10)]",354.5,-37.8045496,144.969735,0,6.556,13.7079634
ORDZ00739,2018-05-21,12:33:48,Lunch,NS,"[('Burger', 9), ('Fries', 10), ('Chicken', 6)]",591.0,-37.8194126,144.9320645,0,10.88,16.3605448
ORDJ06472,2018-08-29,15:56:37,Lunch,TP,"[('Salad', 5), ('Fries', 3)]",122.0,-37.8151896,144.9363179,0,10.629,13.5648308
ORDY03004,2018-06-13,13:24:30,Lunch,TP,"[('Burger', 2), ('Fries', 4)]",110.0,-37.8243262,144.9554548,0,8.669,12.3366377
ORDA09322,2018-05-26,12:43:56,Lunch,BK,"[('Fries', 3), ('Burger', 8), ('Chicken', 9), ('Steak', 5)]",797.0,-37.8251853,144.9512525,0,9.275,17.7007225
ORDA03685,2018-04-23,11:43:05,Breakfast,BK,"[('Eggs', 5), ('Cereal', 5)]",215.0,-37.818891,144.9533698,0,8.792,13.4436817
ORDA06659,2018-02-12,09:21:07,Breakfast,BK,"[('Pancake', 1), ('Coffee', 3), ('Cereal', 5), ('Eggs', 8)]",327.75,-37.8120426,144.9707073,0,7.015,12.0706632
ORDK10162,2018-02-18,09:31:16,Breakfast,BK,"[('Eggs', 3), ('Cereal', 4), ('Coffee', 9), ('Pancake', 5)]",338.75,-37.8065706,144.9449806,0,9.205,16.0359923
ORDK09839,2018-07-27,14:45:38,Lunch,BK,"[('Fries', 1), ('Salad', 4), ('Chicken', 7)]",304.8,-37.8111407,144.9911699,0,5.016,10.6229074
ORDY05779,2018-06-17,13:24:30,Lunch,TP,"[('Steak', 8), ('Salad', 1), ('Fries', 5), ('Burger', 4)]",561.2,-37.813376,144.944541,0,9.661,14.2705527
ORDK02536,2018-02-05,09:00:50,Breakfast,BK,"[('Pancake', 10), ('Eggs', 2)]",286.5,-37.8069271,144.975644,0,6.432,11.4426651
ORDJ04729,2018-08-23,15:46:28,Lunch,TP,"[('Burger', 2), ('Salad', 5), ('Fries', 4), ('Steak', 4), ('Chicken', 5)]",536.0,-37.823147,144.9882545,0,9.305,12.4985813
ORDX08585,2018-09-20,16:37:10,Dinner,BK,"[('Salmon', 2), ('Shrimp', 8)]",514.0,-37.8250773,145.0149998,0,5.0,12.276731
ORDY04215,2018-01-13,08:20:16,Breakfast,TP,"[('Eggs', 10), ('Cereal', 5)]",325.0,-37.8136776,144.9394374,1,10.197,7.1887029
ORDY03411,2018-12-19,19:39:43,Dinner,TP,"[('Shrimp', 4), ('Fish&Chips', 4)]",356.0,-37.8211946,144.9549192,0,8.194,12.4806619
ORDB01434,2018-04-08,11:12:40,Breakfast,TP,"[('Eggs', 10), ('Coffee', 8), ('Cereal', 6)]",406.0,-37.8251121,144.9452339,0,9.037,13.1817672
ORDX05231,2018-12-18,19:39:43,Dinner,BK,"[('Shrimp', 3), ('Salmon', 5), ('Pasta', 1)]",394.5,-37.8019436,144.95971,0,8.133,15.1637795
ORDA00306,2018-02-25,09:51:32,Breakfast,BK,"[('Eggs', 10), ('Coffee', 5), ('Pancake', 5)]",378.75,-37.8129452,144.9611396,0,7.85,15.6374817
ORDK03287,2018-12-01,18:59:09,Dinner,BK,"[('Pasta', 6), ('Fish&Chips', 2)]",235.0,-37.8080941,144.9429491,0,9.516,19.0315377
ORDX07283,2018-01-26,08:40:33,Breakfast,BK,"[('Pancake', 2), ('Cereal', 9), ('Coffee', 8)]",297.5,-37.8206586,144.9539071,0,8.717,13.6539433
ORDK03714,2018-01-22,08:40:33,Breakfast,BK,"[('Pancake', 4), ('Eggs', 10)]",317.0,-37.8166412,144.9316921,0,12.154,16.7292106
ORDZ00722,2018-05-26,12:43:56,Lunch,NS,"[('Fries', 7), ('Salad', 6), ('Chicken', 8)]",443.2,-37.8251853,144.9512525,0,10.133,17.3987041
ORDK04383,2018-06-07,13:14:21,Lunch,BK,"[('Fries', 8), ('Burger', 5), ('Chicken', 9), ('Salad', 5)]",625.0,-37.8253478,144.9585279,0,8.991,15.040993
ORDK03184,2018-10-13,17:27:53,Dinner,BK,"[('Shrimp', 2), ('Salmon', 8), ('Fish&Chips', 1)]",471.0,-37.8206116,144.9573475,0,8.49,17.4815836
ORDY06323,2018-01-10,08:10:08,Breakfast,TP,"[('Pancake', 9), ('Eggs', 7)]",372.25,-37.8140603,144.9633688,1,8.035,5.2409948
ORDY10546,2018-07-11,14:15:12,Lunch,TP,"[('Fries', 7), ('Steak', 5), ('Chicken', 10)]",629.0,-37.8112983,144.9729731,0,8.861,12.5406802
ORDJ01515,2018-05-24,12:43:56,Lunch,TP,"[('Salad', 10), ('Burger', 4), ('Fries', 4), ('Chicken', 4), ('Steak', 3)]",607.0,-37.8190259,144.9768834,0,8.593,12.7129789
ORDK00484,2018-08-12,15:26:11,Lunch,BK,"[('Steak', 3), ('Burger', 4), ('Fries', 10)]",379.0,-37.8135669,144.9683657,0,7.317,15.6837627
ORDZ02694,2018-07-24,14:45:38,Lunch,NS,"[('Salad', 2), ('Steak', 3), ('Chicken', 7), ('Burger', 6), ('Fries', 5)]",639.4,-37.8094204,144.9316707,0,9.702,15.4019053
ORDY08521,2018-10-26,17:48:10,Dinner,TP,"[('Shrimp', 4), ('Pasta', 2), ('Fish&Chips', 4), ('Salmon', 8)]",739.0,-37.8204451,144.9911925,0,9.741,13.8274536
ORDI07816,2018-05-30,12:54:05,Lunch,NS,"[('Fries', 4), ('Burger', 4), ('Salad', 10)]",344.0,-37.8174962,144.9900733,0,9.238,14.5084892
ORDI00414,2018-07-09,14:15:12,Lunch,NS,"[('Salad', 8), ('Chicken', 6)]",329.6,-37.8095431,145.0014003,0,9.52,15.0765021
ORDC08428,2018-03-15,10:21:58,Breakfast,NS,"[('Pancake', 1), ('Eggs', 3), ('Cereal', 9)]",279.25,-37.807883,144.9713752,0,7.006,11.9376317
ORDB08256,2018-10-19,17:38:01,Dinner,TP,"[('Shrimp', 1), ('Pasta', 3)]",136.5,-37.8183603,144.9670182,0,7.608,11.897724
ORDX09130,2018-12-15,19:29:34,Dinner,BK,"[('Fish&Chips', 8), ('Pasta', 7), ('Salmon', 10), ('Shrimp', 1)]",936.5,-37.8230928,144.9891554,0,6.226,15.7887874
ORDK01923,2018-11-03,18:08:27,Dinner,BK,"[('Pasta', 8), ('Salmon', 6), ('Fish&Chips', 7)]",711.0,-37.8110908,144.9524931,0,8.497,17.9581951
ORDC04948,2018-01-07,08:10:08,Breakfast,NS,"[('Eggs', 2), ('Coffee', 6)]",89.0,-37.8133096,144.937523,1,10.047,8.5474583
ORDK08755,2018-08-17,15:36:20,Lunch,BK,"[('Chicken', 2), ('Burger', 4), ('Fries', 8), ('Salad', 2)]",318.4,-37.805671,144.950713,0,8.563,14.3701997
ORDI06816,2018-12-20,19:39:43,Dinner,NS,"[('Fish&Chips', 7), ('Pasta', 9), ('Salmon', 4), ('Shrimp', 6)]",980.5,-37.8129796,144.9336409,0,8.919,15.3959854
ORDB09331,2018-08-06,15:05:54,Lunch,TP,"[('Fries', 7), ('Salad', 5), ('Chicken', 5)]",330.0,-37.8119739,144.986043,0,9.613,12.1140518
ORDY04489,2018-06-02,13:04:13,Lunch,TP,"[('Steak', 9), ('Salad', 10), ('Burger', 9), ('Fries', 8)]",952.0,-37.8171243,144.9681884,0,7.827,13.0038583
ORDC00536,2018-02-24,09:41:24,Breakfast,NS,"[('Eggs', 4), ('Pancake', 9), ('Cereal', 8), ('Coffee', 2)]",489.25,-37.8240586,144.9426349,0,12.19,19.2436246
ORDJ06454,2018-04-16,11:22:49,Breakfast,TP,"[('Cereal', 7), ('Pancake', 8), ('Eggs', 7)]",495.0,-37.8135903,144.9572938,0,8.426,11.2048452
ORDI02808,2018-02-09,09:10:59,Breakfast,NS,"[('Pancake', 6), ('Coffee', 1)]",153.0,-37.8000991,144.9610344,0,6.956,11.6548448
ORDB05546,2018-10-26,17:48:10,Dinner,TP,"[('Fish&Chips', 7), ('Salmon', 1)]",286.0,-37.809492,144.9637428,0,8.664,12.4603381
ORDZ07620,2018-08-22,15:46:28,Lunch,NS,"[('Steak', 4), ('Burger', 9), ('Fries', 6)]",531.0,-37.8023321,144.9868182,0,7.634,13.2539478
ORDK07545,2018-01-01,08:00:00,Breakfast,BK,"[('Cereal', 6), ('Eggs', 9)]",324.0,-37.8240968,144.9307186,1,11.896,8.5413121
ORDK10100,2018-02-06,09:10:59,Breakfast,BK,"[('Pancake', 5), ('Cereal', 10)]",331.25,-37.8247351,144.9885515,0,6.44,11.1486884
ORDB10710,2018-04-04,11:02:32,Breakfast,TP,"[('Eggs', 8), ('Cereal', 1)]",197.0,-37.8161757,144.9452946,0,9.515,11.7787066
ORDZ06500,2018-11-22,18:49:00,Dinner,NS,"[('Shrimp', 4), ('Salmon', 8)]",544.0,-37.8206739,144.9845866,0,9.263,15.3757336
ORDA10662,2018-02-02,09:00:50,Breakfast,BK,"[('Eggs', 5), ('Cereal', 5), ('Pancake', 6)]",360.5,-37.8234884,144.9861192,0,6.617,11.1215311
ORDA00860,2018-07-29,14:55:46,Lunch,BK,"[('Fries', 3), ('Burger', 10)]",346.0,-37.8115874,144.9648105,0,7.424,15.8424388
ORDX07155,2018-03-20,10:32:06,Breakfast,BK,"[('Coffee', 4), ('Cereal', 8), ('Pancake', 3)]",270.75,-37.8003595,144.9606992,0,8.267,13.6566968
ORDZ09645,2018-01-15,08:20:16,Breakfast,NS,"[('Cereal', 1), ('Pancake', 1)]",45.25,-37.8183743,144.9486428,1,9.475,7.4480785
ORDZ03348,2018-11-24,18:49:00,Dinner,NS,"[('Shrimp', 4), ('Fish&Chips', 3), ('Pasta', 1)]",348.5,-37.8134753,144.9405227,0,9.58,17.1935019
ORDC06478,2018-01-06,08:10:08,Breakfast,NS,"[('Pancake', 2), ('Cereal', 5), ('Coffee', 8)]",213.5,-37.8108189,145.003222,1,9.719,8.2405781
ORDJ07741,2018-01-29,08:50:42,Breakfast,TP,"[('Eggs', 9), ('Coffee', 4)]",228.0,-37.8147394,144.9688945,0,8.199,10.8336143
ORDX00860,2018-09-10,16:16:54,Dinner,BK,"[('Fish&Chips', 2), ('Salmon', 9)]",439.0,-37.8131411,144.9391035,0,9.797,17.3860343
ORDY07304,2018-06-12,13:24:30,Lunch,TP,"[('Salad', 8), ('Steak', 1), ('Fries', 8), ('Burger', 7), ('Chicken', 1)]",527.6,-37.8057528,144.9466402,0,9.918,13.5044517
ORDX01999,2018-07-08,14:15:12,Lunch,BK,"[('Steak', 8), ('Fries', 2)]",384.0,-37.8084499,145.0127812,0,3.847,12.0937189
ORDA10083,2018-05-06,12:03:22,Lunch,BK,"[('Chicken', 1), ('Salad', 9), ('Steak', 5), ('Fries', 6)]",483.8,-37.8066063,144.9378524,0,9.778,18.9221841
ORDY03387,2018-01-14,08:20:16,Breakfast,TP,"[('Coffee', 7), ('Pancake', 8)]",246.5,-37.8142745,144.9389804,1,10.23,7.0256776
ORDX03468,2018-10-27,17:58:18,Dinner,BK,"[('Salmon', 6), ('Fish&Chips', 4), ('Shrimp', 5), ('Pasta', 8)]",876.0,-37.8204865,144.9659114,0,7.996,17.4966161
ORDA03528,2018-07-20,14:35:29,Lunch,BK,"[('Steak', 9), ('Fries', 3)]",441.0,-37.8175628,144.9673906,0,7.429,13.4439108
ORDY07038,2018-08-01,14:55:46,Lunch,TP,"[('Fries', 7), ('Salad', 3), ('Burger', 7)]",352.6,-37.812421,144.9478957,0,10.322,13.4048686
ORDK00013,2018-06-07,13:14:21,Lunch,BK,"[('Steak', 2), ('Fries', 3)]",126.0,-37.8184816,144.9442466,0,9.826,16.3602477
ORDA09530,2018-08-14,15:26:11,Lunch,BK,"[('Burger', 7), ('Fries', 1), ('Chicken', 2), ('Steak', 7)]",608.0,-37.8128747,144.9724734,0,6.962,12.6646756
ORDY08079,2018-03-24,10:42:15,Breakfast,TP,"[('Coffee', 4), ('Eggs', 2), ('Pancake', 6), ('Cereal', 2)]",261.5,-37.8185148,144.9829183,0,8.999,13.1689807
ORDY03237,2018-10-15,17:27:53,Dinner,TP,"[('Fish&Chips', 1), ('Salmon', 4), ('Shrimp', 8)]",631.0,-37.8095508,144.9864633,0,9.827,13.5466267
ORDY03103,2018-04-22,11:32:57,Breakfast,TP,"[('Eggs', 5), ('Pancake', 8), ('Coffee', 1)]",311.5,-37.8223062,144.9967359,0,10.148,13.8686842
ORDC06136,2018-11-11,18:28:43,Dinner,NS,"[('Salmon', 2), ('Shrimp', 2), ('Fish&Chips', 3)]",295.0,-37.8041811,144.954451,0,7.94,15.8990349
ORDC10390,2018-06-20,13:34:38,Lunch,NS,"[('Steak', 1), ('Salad', 6)]",148.2,-37.8223097,144.9468753,0,9.995,15.1444922
ORDA06503,2018-06-04,13:04:13,Lunch,BK,"[('Steak', 10), ('Salad', 4), ('Chicken', 9), ('Fries', 4), ('Burger', 2)]",916.8,-37.8079133,144.9316332,0,10.605,16.7044958
ORDZ01721,2018-06-03,13:04:13,Lunch,NS,"[('Burger', 9), ('Steak', 1), ('Fries', 4), ('Chicken', 8)]",628.0,-37.8022631,144.9806327,0,7.108,13.9704735
ORDK00329,2018-02-18,09:31:16,Breakfast,BK,"[('Coffee', 1), ('Cereal', 10), ('Pancake', 9)]",435.75,-37.8196114,144.9937264,0,5.451,13.0337532
ORDY00758,2018-06-02,13:04:13,Lunch,TP,"[('Chicken', 6), ('Burger', 3), ('Salad', 3)]",336.6,-37.8124518,144.9587199,0,8.672,13.6385117
ORDK00182,2018-01-31,09:00:50,Breakfast,BK,"[('Coffee', 10), ('Cereal', 7), ('Pancake', 3), ('Eggs', 10)]",514.75,-37.8235157,144.956267,0,8.743,13.3633035
ORDI06606,2018-06-10,13:14:21,Lunch,NS,"[('Fries', 9), ('Chicken', 1), ('Salad', 5)]",226.0,-37.8149256,144.9451166,0,9.172,16.5784579
ORDC08357,2018-05-27,12:43:56,Lunch,NS,"[('Burger', 8), ('Fries', 4)]",296.0,-37.8146496,144.994006,0,9.394,16.6192646
ORDA03665,2018-11-22,18:49:00,Dinner,BK,"[('Fish&Chips', 7), ('Shrimp', 3), ('Pasta', 7)]",599.5,-37.8111175,144.9731851,0,6.764,13.7747676
ORDZ02183,2018-05-10,12:13:31,Lunch,NS,"[('Steak', 10), ('Burger', 4), ('Fries', 5), ('Chicken', 3), ('Salad', 5)]",816.0,-37.7995712,144.9903243,0,8.095,13.2760893
ORDX02720,2018-01-01,08:00:00,Breakfast,BK,"[('Coffee', 5), ('Pancake', 8)]",231.5,-37.8189618,144.9818293,1,6.486,6.0309323
ORDZ01709,2018-05-15,12:23:39,Lunch,NS,"[('Burger', 4), ('Chicken', 8), ('Steak', 6)]",650.0,-37.8080206,144.9697885,0,7.033,12.2246079
ORDC10423,2018-01-07,08:10:08,Breakfast,NS,"[('Coffee', 6), ('Cereal', 3), ('Pancake', 10), ('Eggs', 3)]",416.5,-37.8133334,144.9375814,1,10.039,8.3802207
ORDJ02870,2018-06-11,13:14:21,Lunch,TP,"[('Fries', 10), ('Salad', 8)]",257.6,-37.8138149,144.959666,0,8.414,12.3796423
ORDJ07372,2018-05-13,12:23:39,Lunch,TP,"[('Fries', 7), ('Chicken', 5), ('Steak', 2), ('Burger', 4)]",458.0,-37.8042876,144.9602094,0,9.217,14.3710557
ORDY08859,2018-11-08,18:18:35,Dinner,TP,"[('Shrimp', 9), ('Pasta', 5)]",623.5,-37.8146111,144.9904055,0,9.937,14.2663659
ORDA04119,2018-10-03,17:07:36,Dinner,BK,"[('Salmon', 5), ('Shrimp', 7), ('Pasta', 9), ('Fish&Chips', 9)]",1145.5,-37.8025886,144.963136,0,7.825,14.948225
ORDC10375,2018-10-10,17:17:44,Dinner,NS,"[('Shrimp', 8), ('Salmon', 10), ('Fish&Chips', 2), ('Pasta', 10)]",1187.0,-37.8123436,144.9535614,0,8.534,14.602577
ORDZ01525,2018-12-04,19:09:17,Dinner,NS,"[('Pasta', 3), ('Shrimp', 7), ('Fish&Chips', 5), ('Salmon', 6)]",881.5,-37.8212852,144.9835097,0,9.14,15.0728882
ORDX03822,2018-06-16,13:24:30,Lunch,BK,"[('Salad', 6), ('Chicken', 2), ('Fries', 6)]",239.2,-37.822442,144.9846368,0,6.697,15.461589
ORDY01825,2018-09-15,16:27:02,Dinner,TP,"[('Pasta', 1), ('Fish&Chips', 3), ('Salmon', 1)]",173.5,-37.8057555,144.9560244,0,9.289,15.1172962
ORDC06422,2018-08-11,15:16:03,Lunch,NS,"[('Chicken', 5), ('Fries', 4), ('Salad', 4), ('Burger', 4)]",400.8,-37.8186212,144.9532323,0,10.649,18.5838997
ORDJ08561,2018-10-09,17:17:44,Dinner,TP,"[('Shrimp', 6), ('Pasta', 2), ('Salmon', 9), ('Fish&Chips', 8)]",1028.0,-37.8119211,144.9522565,0,9.088,13.3785927
ORDA09786,2018-04-07,11:02:32,Breakfast,BK,"[('Eggs', 6), ('Cereal', 7)]",279.0,-37.8112768,144.9730519,0,6.788,13.9645041
ORDK01509,2018-07-18,14:35:29,Lunch,BK,"[('Salad', 5), ('Burger', 9)]",365.0,-37.8155355,144.9773808,0,6.499,12.4773033
ORDK02209,2018-07-30,14:55:46,Lunch,BK,"[('Fries', 2), ('Chicken', 6), ('Burger', 8)]",464.0,-37.8121563,144.9737432,0,6.778,12.8541782
ORDX05221,2018-11-04,18:08:27,Dinner,BK,"[('Pasta', 9), ('Shrimp', 3), ('Fish&Chips', 9), ('Salmon', 9)]",1093.5,-37.8189478,144.9520462,0,8.94,18.3346664
ORDY01561,2018-06-06,13:04:13,Lunch,TP,"[('Burger', 1), ('Salad', 3), ('Chicken', 2)]",146.6,-37.8252835,145.011873,0,11.45,14.1081906
ORDI10188,2018-11-25,18:49:00,Dinner,NS,"[('Salmon', 1), ('Pasta', 2), ('Fish&Chips', 6), ('Shrimp', 7)]",684.0,-37.8088031,144.9830749,0,7.921,15.907236
ORDY05430,2018-10-05,17:07:36,Dinner,TP,"[('Fish&Chips', 8), ('Shrimp', 5), ('Pasta', 8)]",770.0,-37.8141096,144.9676563,0,8.223,12.5871365
ORDJ05913,2018-03-20,10:32:06,Breakfast,TP,"[('Pancake', 5), ('Coffee', 1), ('Cereal', 2), ('Eggs', 1)]",192.75,-37.8100834,144.9582913,0,8.814,10.9820973
ORDC07074,2018-06-11,13:14:21,Lunch,NS,"[('Steak', 2), ('Chicken', 8), ('Fries', 8), ('Salad', 9), ('Burger', 3)]",689.8,-37.8151473,144.9602956,0,8.338,13.5407877
ORDA08189,2018-09-06,16:16:54,Dinner,BK,"[('Pasta', 9), ('Shrimp', 7)]",625.5,-37.8193607,144.9765948,0,7.194,14.1414249
ORDJ01762,2018-01-18,08:30:25,Breakfast,TP,"[('Eggs', 8), ('Coffee', 8), ('Cereal', 9), ('Pancake', 8)]",619.0,-37.8120044,145.015264,1,12.699,7.6851003
ORDK02627,2018-03-14,10:21:58,Breakfast,BK,"[('Pancake', 7), ('Cereal', 1)]",190.75,-37.8067258,144.9689939,0,6.969,11.925264
ORDX06608,2018-02-24,09:41:24,Breakfast,BK,"[('Coffee', 5), ('Cereal', 7)]",184.5,-37.8163708,144.9603311,0,8.102,15.6280937
ORDI00026,2018-05-21,12:33:48,Lunch,NS,"[('Burger', 9), ('Steak', 1)]",324.0,-37.8056686,144.9572478,0,7.851,13.8693669
ORDZ05693,2018-09-30,16:57:27,Dinner,NS,"[('Fish&Chips', 5), ('Pasta', 5), ('Salmon', 3), ('Shrimp', 2)]",543.5,-37.8195727,144.9973713,0,10.037,18.1782439
ORDJ07560,2018-09-24,16:47:19,Dinner,TP,"[('Salmon', 8), ('Shrimp', 5)]",598.0,-37.8168862,144.988144,0,9.566,13.7804509
ORDC06482,2018-01-04,08:00:00,Breakfast,NS,"[('Cereal', 9), ('Coffee', 6), ('Pancake', 1)]",258.25,-37.8210055,144.9473994,1,9.829,6.9902909
ORDC01836,2018-03-09,10:11:49,Breakfast,NS,"[('Coffee', 8), ('Eggs', 2)]",104.0,-37.8072306,144.967816,0,6.95,12.2582371
ORDC03904,2018-01-09,08:10:08,Breakfast,NS,"[('Eggs', 4), ('Pancake', 7), ('Coffee', 1)]",265.25,-37.8223314,144.9475823,1,9.976,6.895731
ORDK06113,2018-06-08,13:14:21,Lunch,BK,"[('Steak', 7), ('Salad', 9), ('Fries', 9), ('Burger', 7)]",794.8,-37.8045617,144.9488808,0,8.762,14.8733172
ORDB03563,2018-08-22,15:46:28,Lunch,TP,"[('Steak', 8), ('Chicken', 4)]",488.0,-37.8020069,144.9837501,0,10.45,13.66408
ORDX08233,2018-05-27,12:43:56,Lunch,BK,"[('Steak', 7), ('Salad', 3)]",366.6,-37.8284503,144.9847348,0,8.317,16.8529989
ORDZ00519,2018-09-13,16:27:02,Dinner,NS,"[('Salmon', 6), ('Fish&Chips', 8)]",526.0,-37.8090207,144.9289276,0,9.931,15.802003
ORDC09659,2018-05-02,12:03:22,Lunch,NS,"[('Salad', 9), ('Fries', 8), ('Steak', 8), ('Burger', 6)]",796.8,-37.8209636,144.9763313,0,8.579,13.9942476
ORDK03098,2018-08-15,15:26:11,Lunch,BK,"[('Salad', 6), ('Chicken', 6), ('Steak', 10), ('Fries', 1), ('Burger', 9)]",1036.2,-37.7926156,144.9712579,0,8.395,14.0372142
ORDY04865,2018-03-07,10:11:49,Breakfast,TP,"[('Eggs', 6), ('Cereal', 1), ('Pancake', 10), ('Coffee', 4)]",425.5,-37.8078343,144.9730469,0,9.255,11.9938476
ORDZ04567,2018-10-01,16:57:27,Dinner,NS,"[('Fish&Chips', 4), ('Salmon', 1), ('Shrimp', 6)]",505.0,-37.8009865,144.9879762,0,7.829,14.1002246
ORDB10801,2018-03-13,10:21:58,Breakfast,TP,"[('Cereal', 8), ('Eggs', 5)]",278.0,-37.8251142,144.9819481,0,8.949,11.7536838
ORDB09962,2018-12-10,19:19:26,Dinner,TP,"[('Shrimp', 1), ('Pasta', 10), ('Salmon', 1)]",370.0,-37.8212898,144.9644173,0,7.27,11.620716
ORDZ08141,2018-05-14,12:23:39,Lunch,NS,"[('Chicken', 10), ('Steak', 5)]",545.0,-37.8054845,144.9438349,0,9.048,14.4268087
ORDZ06053,2018-03-19,10:32:06,Breakfast,NS,"[('Eggs', 7), ('Pancake', 4)]",251.0,-37.8196921,144.9795055,0,9.544,14.2383377
ORDY01658,2018-04-04,11:02:32,Breakfast,TP,"[('Pancake', 1), ('Coffee', 9), ('Eggs', 9), ('Cereal', 4)]",373.75,-37.8166521,144.9504549,0,9.169,11.4551376
ORDB05053,2018-08-04,15:05:54,Lunch,TP,"[('Fries', 10), ('Salad', 8)]",257.6,-37.8033534,144.9502032,0,9.969,14.6043855
ORDA09291,2018-05-04,12:03:22,Lunch,BK,"[('Burger', 9), ('Salad', 10), ('Chicken', 7)]",675.0,-37.8077698,144.9487192,0,8.886,15.1420235
ORDB03283,2018-12-09,19:19:26,Dinner,TP,"[('Pasta', 3), ('Fish&Chips', 4)]",222.5,-37.8239999,144.9537655,0,8.174,14.3202369
ORDA04499,2018-04-04,11:02:32,Breakfast,BK,"[('Pancake', 2), ('Coffee', 6), ('Eggs', 3)]",159.5,-37.7984351,144.986345,0,6.459,10.7060754
ORDZ02764,2018-11-27,18:59:09,Dinner,NS,"[('Fish&Chips', 10), ('Shrimp', 8)]",782.0,-37.819467,144.9828569,0,9.063,15.2341559
ORDX11020,2018-03-10,10:11:49,Breakfast,BK,"[('Coffee', 9), ('Pancake', 4), ('Cereal', 5), ('Eggs', 8)]",445.5,-37.8254859,145.0151583,0,5.048,12.3848557
ORDK03077,2018-12-20,19:39:43,Dinner,BK,"[('Shrimp', 9), ('Fish&Chips', 5), ('Pasta', 3), ('Salmon', 6)]",989.5,-37.8067581,144.9610755,0,7.608,14.5018256
ORDY10744,2018-03-06,10:01:41,Breakfast,TP,"[('Cereal', 6), ('Eggs', 3), ('Pancake', 8), ('Coffee', 9)]",453.5,-37.8161105,144.9826099,0,9.125,10.9588759
ORDC06975,2018-02-28,09:51:32,Breakfast,NS,"[('Coffee', 8), ('Pancake', 4), ('Eggs', 10), ('Cereal', 2)]",419.0,-37.8097201,144.9723055,0,7.234,12.0829439
ORDZ08139,2018-04-20,11:32:57,Breakfast,NS,"[('Pancake', 10), ('Coffee', 1)]",250.0,-37.8139659,144.9487495,0,9.866,14.9126476
ORDY01439,2018-04-21,11:32:57,Breakfast,TP,"[('Cereal', 7), ('Pancake', 8), ('Coffee', 4)]",371.0,-37.8038433,144.9533741,0,9.64,13.7991517
ORDI10001,2018-03-22,10:32:06,Breakfast,NS,"[('Pancake', 1), ('Cereal', 7), ('Coffee', 9)]",238.75,-37.8180126,144.9619272,0,8.646,14.1969914
ORDI06021,2018-08-23,15:46:28,Lunch,NS,"[('Burger', 4), ('Chicken', 6), ('Salad', 5)]",402.0,-37.8231144,144.9881752,0,9.408,14.9696885
ORDI09377,2018-09-29,16:57:27,Dinner,NS,"[('Fish&Chips', 1), ('Shrimp', 8), ('Salmon', 9)]",836.0,-37.8051044,144.9521935,0,8.201,15.9669716
ORDJ09054,2018-04-07,11:12:40,Breakfast,TP,"[('Eggs', 5), ('Pancake', 6), ('Cereal', 1)]",276.5,-37.8174124,144.96759,0,7.754,12.0758094
ORDX01465,2018-02-11,09:21:07,Breakfast,BK,"[('Coffee', 7), ('Eggs', 7)]",206.5,-37.8078386,144.9827496,0,5.792,13.1305714
ORDC02622,2018-01-13,08:20:16,Breakfast,NS,"[('Coffee', 3), ('Cereal', 7), ('Eggs', 4), ('Pancake', 1)]",281.75,-37.8168402,144.9355778,1,9.943,8.4873353
ORDZ01269,2018-10-26,17:48:10,Dinner,NS,"[('Fish&Chips', 4), ('Pasta', 9), ('Salmon', 6), ('Shrimp', 7)]",1011.5,-37.8078487,144.9743784,0,7.162,13.5018261
ORDC04024,2018-05-26,12:43:56,Lunch,NS,"[('Burger', 8), ('Chicken', 4), ('Salad', 5), ('Fries', 4), ('Steak', 10)]",960.0,-37.8027313,144.9637292,0,6.925,14.0823096
ORDA06947,2018-08-15,15:26:11,Lunch,BK,"[('Steak', 1), ('Salad', 1)]",62.2,-37.8085098,144.97865,0,6.034,11.5389086
ORDY02762,2018-02-19,09:31:16,Breakfast,TP,"[('Eggs', 7), ('Pancake', 6)]",299.5,-37.8059599,144.9474273,0,9.832,11.8109003
ORDY06824,2018-10-30,17:58:18,Dinner,TP,"[('Pasta', 8), ('Shrimp', 1)]",274.0,-37.8218508,144.9475198,0,8.918,13.0099368
ORDJ03497,2018-05-27,12:43:56,Lunch,TP,"[('Chicken', 2), ('Salad', 4)]",132.8,-37.8235788,144.980489,0,8.477,13.4461696
ORDC07616,2018-09-14,16:27:02,Dinner,NS,"[('Shrimp', 5), ('Fish&Chips', 9), ('Pasta', 5), ('Salmon', 10)]",1132.5,-37.8113599,144.9272092,0,10.225,16.5704589
ORDK04304,2018-07-19,14:35:29,Lunch,BK,"[('Fries', 9), ('Steak', 4), ('Chicken', 6)]",480.0,-37.8063423,144.982857,0,5.966,11.8985317
ORDZ01609,2018-05-23,12:43:56,Lunch,NS,"[('Chicken', 1), ('Salad', 9), ('Steak', 9)]",591.8,-37.8150449,144.9886685,0,8.993,15.1238313
ORDI03575,2018-03-18,10:32:06,Breakfast,NS,"[('Cereal', 4), ('Pancake', 7)]",253.75,-37.8072116,144.950856,0,8.487,15.595066
ORDA03358,2018-11-14,18:28:43,Dinner,BK,"[('Pasta', 5), ('Fish&Chips', 6)]",347.5,-37.8065136,144.9440952,0,9.244,16.0032754
ORDZ01689,2018-11-03,18:08:27,Dinner,NS,"[('Shrimp', 5), ('Salmon', 7), ('Pasta', 10), ('Fish&Chips', 5)]",1007.0,-37.8115439,144.9520653,0,8.566,16.9317084
ORDZ04165,2018-02-05,09:10:59,Breakfast,NS,"[('Cereal', 5), ('Coffee', 4), ('Eggs', 3), ('Pancake', 3)]",273.75,-37.8245484,144.9885013,0,9.629,14.8519194
ORDJ07000,2018-01-19,08:30:25,Breakfast,TP,"[('Cereal', 5), ('Eggs', 5)]",215.0,-37.8006036,144.9738547,0,10.113,12.5611093
ORDA04812,2018-12-13,19:29:34,Dinner,BK,"[('Salmon', 2), ('Fish&Chips', 10)]",432.0,-37.8004946,144.9583439,0,8.286,14.8458688
ORDC00975,2018-08-09,15:16:03,Lunch,NS,"[('Fries', 9), ('Chicken', 8), ('Steak', 3), ('Burger', 3)]",592.0,-37.807411,144.9395382,0,10.222,15.5182278
ORDA03404,2018-07-02,14:05:04,Lunch,BK,"[('Chicken', 1), ('Fries', 9), ('Steak', 5), ('Burger', 7)]",582.0,-37.8183457,144.9760739,0,7.002,12.6327973
ORDY07782,2018-10-14,17:27:53,Dinner,TP,"[('Shrimp', 4), ('Salmon', 9)]",585.0,-37.8149493,144.9645132,0,7.957,13.2487563
ORDJ01634,2018-07-14,14:25:21,Lunch,TP,"[('Fries', 10), ('Salad', 10), ('Steak', 3), ('Burger', 7), ('Chicken', 4)]",772.0,-37.8192177,145.0056829,0,11.094,16.0225991
ORDA09890,2018-06-06,13:04:13,Lunch,BK,"[('Steak', 9), ('Chicken', 3), ('Salad', 9), ('Fries', 2), ('Burger', 10)]",989.8,-37.7998935,144.9892036,0,6.228,11.8498229
ORDC01461,2018-11-14,18:28:43,Dinner,NS,"[('Fish&Chips', 10), ('Pasta', 2), ('Salmon', 4), ('Shrimp', 7)]",947.0,-37.8016387,144.9846025,0,7.466,13.3653502
ORDJ09017,2018-10-04,17:07:36,Dinner,TP,"[('Shrimp', 6), ('Pasta', 10), ('Fish&Chips', 6), ('Salmon', 1)]",850.0,-37.8131949,144.9875679,0,9.709,13.7221628
ORDY05169,2018-09-16,16:27:02,Dinner,TP,"[('Pasta', 3), ('Salmon', 3), ('Fish&Chips', 7), ('Shrimp', 2)]",558.5,-37.8132835,144.9564666,0,8.626,14.7227424
ORDC04346,2018-10-05,17:07:36,Dinner,NS,"[('Salmon', 3), ('Pasta', 5), ('Fish&Chips', 9), ('Shrimp', 5)]",845.5,-37.8087869,144.9667438,0,7.148,12.5239467
ORDX01237,2018-08-19,15:36:20,Lunch,BK,"[('Burger', 8), ('Fries', 4), ('Steak', 5), ('Salad', 2), ('Chicken', 6)]",747.4,-37.8153749,144.9596659,0,8.074,16.4583338
ORDA08067,2018-07-19,14:35:29,Lunch,BK,"[('Steak', 1), ('Fries', 5), ('Salad', 3), ('Chicken', 4), ('Burger', 6)]",470.6,-37.8107842,145.0163236,0,4.283,10.1486772
ORDI09017,2018-08-19,15:36:20,Lunch,NS,"[('Salad', 10), ('Burger', 3), ('Steak', 6)]",535.0,-37.8211071,145.0135735,0,11.467,19.1436547
ORDJ06016,2018-09-08,16:16:54,Dinner,TP,"[('Shrimp', 4), ('Fish&Chips', 6), ('Pasta', 1)]",453.5,-37.8169769,144.9532426,0,8.613,13.9526198
ORDJ02493,2018-01-27,08:50:42,Breakfast,TP,"[('Coffee', 6), ('Eggs', 5), ('Cereal', 10), ('Pancake', 2)]",413.5,-37.8095985,144.9345653,0,10.671,14.0079108
ORDI09881,2018-07-23,14:45:38,Lunch,NS,"[('Salad', 8), ('Fries', 8)]",233.6,-37.8136955,144.9731067,0,7.753,13.446917
ORDB01886,2018-08-11,15:16:03,Lunch,TP,"[('Chicken', 10), ('Steak', 3)]",455.0,-37.8090287,144.9426335,0,9.974,14.7968185
ORDZ02044,2018-04-14,11:22:49,Breakfast,NS,"[('Pancake', 4), ('Eggs', 10), ('Cereal', 4)]",401.0,-37.8077444,144.9469661,0,8.889,15.6660139
ORDJ07677,2018-05-20,12:33:48,Lunch,TP,"[('Chicken', 6), ('Burger', 2), ('Salad', 9)]",408.8,-37.7991687,144.9729061,0,10.235,14.5060312
ORDB00333,2018-09-14,16:27:02,Dinner,TP,"[('Fish&Chips', 9), ('Pasta', 2)]",370.0,-37.8022725,144.9430262,0,10.47,14.13116
ORDI05559,2018-05-15,12:23:39,Lunch,NS,"[('Steak', 9), ('Chicken', 7), ('Fries', 5), ('Salad', 9)]",843.8,-37.8081849,144.9687701,0,6.971,12.1071381
ORDI06324,2018-01-05,08:00:00,Breakfast,NS,"[('Cereal', 10), ('Pancake', 10), ('Eggs', 10), ('Coffee', 1)]",680.0,-37.8135412,144.9426636,1,9.583,7.5142443
ORDY03078,2018-12-02,19:09:17,Dinner,TP,"[('Pasta', 1), ('Shrimp', 3)]",189.5,-37.8209945,144.9880498,0,9.431,15.015554
ORDI09061,2018-12-22,19:49:51,Dinner,NS,"[('Shrimp', 10), ('Fish&Chips', 3), ('Pasta', 8)]",865.0,-37.806056,144.9676652,0,6.816,14.8292131
ORDA10759,2018-04-23,11:43:05,Breakfast,BK,"[('Eggs', 2), ('Cereal', 2), ('Pancake', 10), ('Coffee', 2)]",343.5,-37.8189659,144.9532,0,8.813,14.0748181
ORDK10050,2018-03-28,10:52:23,Breakfast,BK,"[('Cereal', 6), ('Eggs', 2), ('Pancake', 10), ('Coffee', 3)]",435.0,-37.8129664,144.9634303,0,7.659,12.1043047
ORDY03477,2018-10-31,17:58:18,Dinner,TP,"[('Fish&Chips', 5), ('Salmon', 7)]",462.0,-37.8207581,144.9618974,0,7.35,11.6160073
ORDY00243,2018-10-21,17:38:01,Dinner,TP,"[('Salmon', 4), ('Shrimp', 2), ('Fish&Chips', 9)]",587.0,-37.8202322,144.9687329,0,7.623,13.0945884
ORDX05505,2018-06-05,13:04:13,Lunch,BK,"[('Salad', 10), ('Steak', 7), ('Fries', 10), ('Burger', 2), ('Chicken', 9)]",957.0,-37.8201951,144.9578413,0,8.328,14.4671342
ORDB01591,2018-11-11,18:28:43,Dinner,TP,"[('Fish&Chips', 5), ('Shrimp', 1)]",229.0,-37.8025993,144.9613528,0,9.492,15.744169
ORDC06094,2018-10-28,17:58:18,Dinner,NS,"[('Shrimp', 5), ('Fish&Chips', 3), ('Pasta', 6), ('Salmon', 6)]",786.0,-37.8094869,144.9482517,0,8.852,17.0414238
ORDJ05860,2018-10-24,17:48:10,Dinner,TP,"[('Fish&Chips', 2), ('Salmon', 10)]",480.0,-37.8204595,144.9663365,0,7.423,11.6730312
ORDB03956,2018-05-31,12:54:05,Lunch,TP,"[('Chicken', 4), ('Salad', 4)]",196.8,-37.8222219,144.9562917,0,8.103,11.3080218
ORDI08256,2018-12-02,19:09:17,Dinner,NS,"[('Salmon', 10), ('Shrimp', 6), ('Fish&Chips', 8)]",1014.0,-37.8204771,144.9576975,0,9.195,17.2976848
ORDK10531,2018-07-03,14:05:04,Lunch,BK,"[('Salad', 3), ('Steak', 9)]",456.6,-37.8117065,144.9646647,0,7.448,13.2389621
ORDB10551,2018-04-19,11:32:57,Breakfast,TP,"[('Coffee', 9), ('Cereal', 7), ('Eggs', 3), ('Pancake', 9)]",498.75,-37.8043975,144.9419878,0,10.311,12.9823097
ORDC06805,2018-04-19,11:32:57,Breakfast,NS,"[('Coffee', 9), ('Cereal', 1), ('Pancake', 9), ('Eggs', 9)]",504.75,-37.8141341,144.9673044,0,7.859,13.2956601
ORDC09635,2018-03-01,09:51:32,Breakfast,NS,"[('Eggs', 9), ('Coffee', 8)]",258.0,-37.8236763,144.9377404,0,10.778,15.1596662
ORDB02763,2018-04-15,11:22:49,Breakfast,TP,"[('Coffee', 3), ('Pancake', 3), ('Cereal', 2)]",137.25,-37.8135406,145.0103946,0,12.191,16.0332263
ORDJ00313,2018-09-17,16:37:10,Dinner,TP,"[('Fish&Chips', 6), ('Shrimp', 7)]",588.0,-37.8089442,144.9257734,0,11.46,15.522387
ORDK01144,2018-03-17,10:21:58,Breakfast,BK,"[('Pancake', 10), ('Cereal', 1)]",263.5,-37.8067442,144.9414149,0,9.63,17.5361893
ORDA02333,2018-07-16,14:25:21,Lunch,BK,"[('Fries', 4), ('Burger', 9), ('Chicken', 1)]",359.0,-37.8142319,144.9728163,0,6.917,12.6123049
ORDZ08791,2018-04-20,11:32:57,Breakfast,NS,"[('Cereal', 3), ('Pancake', 8), ('Eggs', 3)]",323.0,-37.8175268,144.9685529,0,8.722,13.7754212
ORDJ04493,2018-07-20,14:35:29,Lunch,TP,"[('Burger', 10), ('Salad', 2), ('Fries', 3)]",380.4,-37.8190226,144.9540493,0,8.424,11.7224629
ORDY02705,2018-03-22,10:32:06,Breakfast,TP,"[('Eggs', 8), ('Coffee', 8), ('Pancake', 8), ('Cereal', 9)]",619.0,-37.8179571,144.9618977,0,7.877,10.6376909
ORDA07167,2018-02-14,09:21:07,Breakfast,BK,"[('Eggs', 1), ('Cereal', 10)]",232.0,-37.8263806,144.9855945,0,7.369,11.9510808
ORDK01525,2018-06-13,13:24:30,Lunch,BK,"[('Chicken', 6), ('Salad', 9), ('Burger', 7), ('Steak', 9)]",968.8,-37.8114334,144.9513213,0,8.618,14.419475
ORDA02641,2018-08-13,15:26:11,Lunch,BK,"[('Burger', 6), ('Salad', 6), ('Fries', 2)]",313.2,-37.8130425,144.9363041,0,10.5,16.6599904
ORDC07277,2018-12-25,19:49:51,Dinner,NS,"[('Fish&Chips', 6), ('Pasta', 8), ('Salmon', 8), ('Shrimp', 10)]",1298.0,-37.8178034,144.931744,0,9.531,15.4985047
ORDI03687,2018-06-28,13:54:55,Lunch,NS,"[('Burger', 2), ('Steak', 8), ('Chicken', 7), ('Fries', 8), ('Salad', 9)]",896.8,-37.8214234,144.9691385,0,8.765,14.2088596
ORDB09892,2018-10-14,17:27:53,Dinner,TP,"[('Pasta', 5), ('Salmon', 10)]",547.5,-37.805968,144.9561603,0,9.262,14.9633107
ORDX00031,2018-08-02,15:05:54,Lunch,BK,"[('Salad', 8), ('Chicken', 10)]",457.6,-37.8055008,144.9522729,0,8.397,14.1344409
ORDB06909,2018-03-02,10:01:41,Breakfast,TP,"[('Cereal', 8), ('Pancake', 5), ('Eggs', 2)]",333.25,-37.8251377,144.9755897,0,8.384,10.9083658
ORDZ10655,2018-03-30,10:52:23,Breakfast,NS,"[('Cereal', 10), ('Pancake', 3), ('Eggs', 3)]",348.75,-37.8162254,144.9640011,0,8.281,13.4544545
ORDY04077,2018-05-20,12:33:48,Lunch,TP,"[('Chicken', 9), ('Salad', 9), ('Fries', 5), ('Steak', 5)]",727.8,-37.8097839,144.9932567,0,10.438,15.5109006
ORDC03207,2018-03-08,10:11:49,Breakfast,NS,"[('Coffee', 7), ('Cereal', 7), ('Pancake', 1)]",223.75,-37.818749,144.9838262,0,9.006,13.5060143
ORDB05760,2018-03-11,10:11:49,Breakfast,TP,"[('Eggs', 2), ('Coffee', 9)]",111.5,-37.8065787,144.9628691,0,9.007,12.9276595
ORDJ06467,2018-06-13,13:24:30,Lunch,TP,"[('Fries', 2), ('Steak', 3)]",159.0,-37.8250843,144.9497463,0,8.639,12.1866951
ORDJ04794,2018-08-21,15:36:20,Lunch,TP,"[('Burger', 5), ('Steak', 5)]",380.0,-37.8187471,144.9678683,0,7.623,11.5946821
ORDK02251,2018-01-23,08:40:33,Breakfast,BK,"[('Pancake', 3), ('Cereal', 7), ('Coffee', 5)]",257.25,-37.8162356,144.9600442,0,8.099,12.8273653
ORDY06326,2018-12-13,19:29:34,Dinner,TP,"[('Shrimp', 7), ('Pasta', 3)]",460.5,-37.8237612,144.9562133,0,7.971,12.2621421
ORDA02645,2018-08-10,15:16:03,Lunch,BK,"[('Chicken', 1), ('Steak', 3), ('Burger', 2), ('Salad', 5), ('Fries', 10)]",435.0,-37.8177321,144.9511468,0,9.115,14.9935641
ORDA06334,2018-02-11,09:21:07,Breakfast,BK,"[('Cereal', 1), ('Coffee', 10)]",96.0,-37.8137283,144.9686925,0,7.268,14.3476438
ORDX10636,2018-08-28,15:56:37,Lunch,BK,"[('Chicken', 2), ('Steak', 10), ('Burger', 2), ('Salad', 3), ('Fries', 9)]",735.6,-37.8102762,144.961363,0,7.617,13.4949795
ORDY04826,2018-05-05,12:03:22,Lunch,TP,"[('Chicken', 5), ('Fries', 5), ('Salad', 9), ('Steak', 10), ('Burger', 2)]",886.8,-37.8140574,144.9481379,0,9.526,14.5310994
ORDK03386,2018-02-14,09:21:07,Breakfast,BK,"[('Coffee', 1), ('Cereal', 8)]",175.5,-37.8233837,144.970383,0,7.957,12.7622361
ORDA08326,2018-03-01,09:51:32,Breakfast,BK,"[('Coffee', 2), ('Cereal', 5), ('Pancake', 5), ('Eggs', 6)]",373.25,-37.8064769,145.0080747,0,3.878,8.0547996
ORDY09627,2018-03-02,09:51:32,Breakfast,TP,"[('Eggs', 9), ('Coffee', 8), ('Cereal', 8)]",426.0,-37.8184877,144.99459,0,10.147,12.9290058
ORDX08197,2018-12-14,19:29:34,Dinner,BK,"[('Pasta', 4), ('Salmon', 8)]",438.0,-37.8010036,144.9628949,0,8.058,15.1567701
ORDC07680,2018-04-12,11:12:40,Breakfast,NS,"[('Pancake', 6), ('Coffee', 5)]",183.0,-37.8240744,144.9887577,0,9.576,14.3807927
ORDZ07014,2018-01-05,08:00:00,Breakfast,NS,"[('Eggs', 8), ('Cereal', 1)]",197.0,-37.8031629,145.0091497,1,9.91,7.5838052
ORDX06630,2018-08-12,15:26:11,Lunch,BK,"[('Burger', 2), ('Salad', 2), ('Fries', 1), ('Chicken', 8), ('Steak', 7)]",679.4,-37.7995769,144.9630379,0,8.146,16.1874826
ORDK03869,2018-03-15,10:21:58,Breakfast,BK,"[('Cereal', 4), ('Pancake', 3), ('Coffee', 5)]",194.25,-37.8036352,144.9486406,0,8.869,13.2461062
ORDK08357,2018-04-26,11:43:05,Breakfast,BK,"[('Pancake', 4), ('Cereal', 10), ('Coffee', 9), ('Eggs', 2)]",418.5,-37.8187687,144.9669422,0,7.583,12.682086
ORDC00922,2018-08-11,15:16:03,Lunch,NS,"[('Steak', 9), ('Fries', 9), ('Salad', 6), ('Burger', 9)]",895.2,-37.8186212,144.9532323,0,10.649,18.2026763
ORDY09485,2018-06-08,13:14:21,Lunch,TP,"[('Steak', 1), ('Burger', 9)]",324.0,-37.815917,144.9655787,0,7.88,11.2224502
ORDA10810,2018-01-12,08:20:16,Breakfast,BK,"[('Cereal', 1), ('Pancake', 4), ('Eggs', 5)]",228.0,-37.8073981,144.9574069,1,8.057,6.3842954
ORDI01179,2018-06-21,13:34:38,Lunch,NS,"[('Chicken', 1), ('Burger', 10)]",342.0,-37.8180472,144.9615891,0,8.668,14.1178316
ORDI00617,2018-06-17,13:34:38,Lunch,NS,"[('Steak', 2), ('Chicken', 3)]",186.0,-37.8009695,144.9646167,0,6.674,14.1187062
ORDA00789,2018-08-03,15:05:54,Lunch,BK,"[('Burger', 5), ('Fries', 6)]",227.0,-37.8122989,144.9736625,0,6.784,12.2756752
ORDK02355,2018-05-14,12:23:39,Lunch,BK,"[('Steak', 1), ('Chicken', 10), ('Fries', 2), ('Burger', 6)]",575.0,-37.8022688,144.9806786,0,6.651,12.6431427
ORDK07959,2018-12-01,19:09:17,Dinner,BK,"[('Salmon', 9), ('Pasta', 2)]",424.0,-37.8010408,144.9982112,0,5.443,14.8048479
ORDC10057,2018-10-04,17:07:36,Dinner,NS,"[('Shrimp', 6), ('Fish&Chips', 5), ('Pasta', 5)]",636.5,-37.820727,144.9670761,0,8.847,14.3352626
ORDC03324,2018-12-24,19:49:51,Dinner,NS,"[('Salmon', 1), ('Pasta', 2)]",96.0,-37.8114081,144.9613741,0,7.774,13.4448345
ORDI06990,2018-11-02,18:08:27,Dinner,NS,"[('Shrimp', 8), ('Salmon', 9)]",801.0,-37.8078471,144.9744618,0,7.17,13.7417677
ORDB05689,2018-04-25,11:43:05,Breakfast,TP,"[('Coffee', 4), ('Pancake', 10), ('Eggs', 5)]",382.5,-37.8262393,145.0032069,0,10.499,12.9336098
ORDK07406,2018-04-18,11:32:57,Breakfast,BK,"[('Eggs', 10), ('Cereal', 2)]",262.0,-37.8135387,144.9481638,0,9.666,14.5888245
ORDK11063,2018-10-10,17:17:44,Dinner,BK,"[('Pasta', 5), ('Shrimp', 3), ('Salmon', 5), ('Fish&Chips', 10)]",854.5,-37.8123071,144.9536836,0,8.516,15.2202167
ORDJ00952,2018-09-08,16:16:54,Dinner,TP,"[('Shrimp', 4), ('Salmon', 6), ('Pasta', 2)]",517.0,-37.8084848,144.925964,0,11.445,16.4948774
ORDA00690,2018-05-12,12:13:31,Lunch,BK,"[('Steak', 7), ('Salad', 5)]",401.0,-37.8029493,144.9619552,0,7.858,15.9949395
ORDB00154,2018-01-15,08:20:16,Breakfast,TP,"[('Eggs', 6), ('Pancake', 3), ('Cereal', 2), ('Coffee', 6)]",291.75,-37.8180651,144.9485562,1,9.051,5.4717929
ORDJ09835,2018-01-27,08:50:42,Breakfast,TP,"[('Pancake', 10), ('Eggs', 6), ('Cereal', 2)]",416.5,-37.8092654,144.9319064,0,10.909,15.0475316
ORDK09057,2018-11-28,18:59:09,Dinner,BK,"[('Pasta', 9), ('Salmon', 3)]",370.5,-37.8095002,144.9726662,0,6.696,13.5986762
ORDX01468,2018-12-15,19:29:34,Dinner,BK,"[('Shrimp', 8), ('Fish&Chips', 4), ('Salmon', 4), ('Pasta', 8)]",956.0,-37.8060937,144.959426,0,7.757,17.3236415
ORDX08488,2018-06-26,13:44:47,Lunch,BK,"[('Burger', 6), ('Chicken', 3), ('Salad', 7)]",402.4,-37.8256873,144.9845548,0,6.922,12.8409623
ORDY05080,2018-05-30,12:54:05,Lunch,TP,"[('Burger', 2), ('Fries', 10), ('Chicken', 10), ('Salad', 9), ('Steak', 7)]",971.8,-37.8187758,144.9700762,0,7.81,11.3809859
ORDX07806,2018-04-07,11:12:40,Breakfast,BK,"[('Pancake', 5), ('Eggs', 7), ('Cereal', 4), ('Coffee', 1)]",366.75,-37.816741,145.0088132,0,3.867,10.5528121
ORDX11071,2018-03-22,10:32:06,Breakfast,BK,"[('Cereal', 3), ('Pancake', 6), ('Coffee', 7), ('Eggs', 10)]",481.0,-37.8002435,144.9550444,0,8.506,14.091691
ORDI01213,2018-06-28,13:54:55,Lunch,NS,"[('Salad', 10), ('Chicken', 8), ('Fries', 5), ('Steak', 9)]",893.0,-37.8116542,144.9566998,0,8.083,13.0776022
ORDX10913,2018-08-14,15:26:11,Lunch,BK,"[('Steak', 1), ('Chicken', 5), ('Salad', 6), ('Burger', 10), ('Fries', 4)]",666.2,-37.8241066,145.0001353,0,5.373,11.2035597
ORDY06223,2018-12-29,20:00:00,Dinner,TP,"[('Shrimp', 1), ('Pasta', 10), ('Fish&Chips', 4), ('Salmon', 8)]",797.0,-37.8165806,144.9374466,0,10.456,16.0814885
ORDX02733,2018-01-12,08:20:16,Breakfast,BK,"[('Eggs', 3), ('Coffee', 5), ('Pancake', 10)]",346.0,-37.8166176,144.9838127,1,6.2,5.7069355
ORDK07616,2018-05-04,12:03:22,Lunch,BK,"[('Steak', 2), ('Chicken', 3)]",186.0,-37.8194373,144.9609862,0,8.036,13.8320429
ORDC06240,2018-05-26,12:43:56,Lunch,NS,"[('Steak', 4), ('Burger', 7), ('Salad', 9)]",551.8,-37.8069803,145.0147676,0,10.403,17.7500289
ORDK10791,2018-04-24,11:43:05,Breakfast,BK,"[('Eggs', 5), ('Cereal', 8), ('Pancake', 4)]",375.0,-37.8192399,144.9529087,0,8.847,13.6459738
ORDB08036,2018-06-25,13:44:47,Lunch,TP,"[('Burger', 3), ('Fries', 2), ('Steak', 6)]",387.0,-37.8246873,144.9828852,0,8.924,12.7131579
ORDJ05581,2018-04-04,11:02:32,Breakfast,TP,"[('Eggs', 6), ('Pancake', 3), ('Coffee', 6)]",249.75,-37.8134729,144.9501737,0,9.19,11.8539764
ORDB01761,2018-12-23,19:49:51,Dinner,TP,"[('Fish&Chips', 3), ('Pasta', 1), ('Salmon', 7)]",419.5,-37.816492,144.9459712,0,9.476,14.7796428
ORDY00571,2018-07-19,14:35:29,Lunch,TP,"[('Burger', 3), ('Steak', 9)]",498.0,-37.79938,144.9730048,0,10.231,13.6345794
ORDC05278,2018-10-11,17:17:44,Dinner,NS,"[('Pasta', 7), ('Fish&Chips', 5), ('Salmon', 7)]",654.5,-37.8121238,144.9534288,0,8.452,14.6119852
ORDB05798,2018-09-07,16:16:54,Dinner,TP,"[('Salmon', 1), ('Fish&Chips', 1)]",76.0,-37.81989,144.9769278,0,8.498,12.4517538
ORDA04457,2018-02-07,09:10:59,Breakfast,BK,"[('Pancake', 2), ('Cereal', 9), ('Eggs', 8)]",413.5,-37.8192749,144.9650298,0,7.791,12.5225062
ORDA05709,2018-12-19,19:39:43,Dinner,BK,"[('Fish&Chips', 8), ('Shrimp', 9)]",766.0,-37.8143367,144.9359099,0,10.157,17.0307748
ORDZ10367,2018-05-28,12:54:05,Lunch,NS,"[('Chicken', 10), ('Fries', 1)]",332.0,-37.8150674,144.9735379,0,8.026,13.5951558
ORDJ07108,2018-06-18,13:34:38,Lunch,TP,"[('Steak', 2), ('Fries', 9), ('Chicken', 5)]",358.0,-37.8132542,144.973865,0,8.625,12.5183672
ORDJ00204,2018-09-15,16:27:02,Dinner,TP,"[('Salmon', 10), ('Pasta', 6)]",575.0,-37.8097992,144.9918955,0,10.314,15.6510975
ORDI09933,2018-01-20,08:30:25,Breakfast,NS,"[('Eggs', 10), ('Pancake', 8)]",414.0,-37.7991013,144.9334861,0,9.514,17.1307918
ORDI11008,2018-07-18,14:35:29,Lunch,NS,"[('Burger', 4), ('Chicken', 10), ('Fries', 10)]",564.0,-37.811325,144.9269538,0,10.257,15.8190238
ORDX10126,2018-05-21,12:33:48,Lunch,BK,"[('Fries', 1), ('Salad', 3), ('Burger', 1), ('Chicken', 9), ('Steak', 1)]",427.6,-37.8239933,144.9538906,0,8.958,15.0134854
